_object	#	Pid	_object	Spectrum	PeakList	Assign F1	Assign F2	Pos F1	Pos F2	LW F1 (Hz)	LW F2 (Hz)	Height	HeightError	S/N	Volume	VolumeError	ClusterId	Merit	Annotation	Comment
<PK:54-1.1.372: @(1.777, 99.61)>	372	PK:54-1.1.372	<PK:54-1.1.372: @(1.777, 99.61)>	54-1	1			1.777382091134342	99.61306440051874	27.259934144333343	67.34021277767768	10148.6708984375		7.405532946764425	None		None	1.0		
<PK:54-1.1.373: @(3.367, 99.56)>	373	PK:54-1.1.373	<PK:54-1.1.373: @(3.367, 99.56)>	54-1	1			3.366772108086188	99.55850602509426	27.588365647273143	53.33066650225917	9915.4091796875		7.235320772115233	None		None	1.0		
<PK:54-1.1.374: @(1.432, 99.54)>	374	PK:54-1.1.374	<PK:54-1.1.374: @(1.432, 99.54)>	54-1	1			1.432487865841086	99.54046735739362	-145.8937111191258	52.124354246515466	13000.5673828125		9.486575241578844	None		None	1.0		
<PK:54-1.1.375: @(1.432, 99.54)>	375	PK:54-1.1.375	<PK:54-1.1.375: @(1.432, 99.54)>	54-1	1			1.432487865841086	99.54046735739362	-145.8937111191258	52.124354246515466	13000.5673828125		9.486575241578844	None		None	1.0		
<PK:54-1.1.376: @(1.685, 99.48)>	376	PK:54-1.1.376	<PK:54-1.1.376: @(1.685, 99.48)>	54-1	1			1.6845424136106661	99.48300583079494	18.358732072206614	83.78442239277943	7820.95654296875		5.7069888198941445	None		None	1.0		
<PK:54-1.1.377: @(1.755, 99.16)>	377	PK:54-1.1.377	<PK:54-1.1.377: @(1.755, 99.16)>	54-1	1			1.755478003666969	99.16484829212912	43.55070622972182	50.57644352565022	11702.90625		8.539665802012905	None		None	1.0		
<PK:54-1.1.378: @(1.432, 98.9)>	378	PK:54-1.1.378	<PK:54-1.1.378: @(1.432, 98.9)>	54-1	1			1.432078406243452	98.89558675645074	25.972679185752643	95.55524723586774	11643.8017578125		8.4965369757285	None		None	1.0		
<PK:54-1.1.379: @(1.696, 98.7)>	379	PK:54-1.1.379	<PK:54-1.1.379: @(1.696, 98.7)>	54-1	1			1.6958980333868645	98.70423936890441	34.57099844056821	46.92217921817926	29508.314453125		21.532356017155543	None		None	1.0		
<PK:54-1.1.380: @(1.601, 98.71)>	380	PK:54-1.1.380	<PK:54-1.1.380: @(1.601, 98.71)>	54-1	1			1.6008265322642234	98.71085598558486	38.46492976523356	47.05834721068722	32139.83203125		23.45258678626983	None		None	1.0		
<PK:54-1.1.381: @(0.313, 97.93)>	381	PK:54-1.1.381	<PK:54-1.1.381: @(0.313, 97.93)>	54-1	1			0.3132777811957137	97.93012548919653	30.21168343436255	44.954650692107556	45683.9921875		33.335824234515975	None		None	1.0		
<PK:54-1.1.382: @(1.561, 97.89)>	382	PK:54-1.1.382	<PK:54-1.1.382: @(1.561, 97.89)>	54-1	1			1.561335288971362	97.89433712051311	-41.73266307379184	55.52186418235682	15854.5751953125		11.569158182468755	None		None	1.0		
<PK:54-1.1.383: @(1.612, 97.88)>	383	PK:54-1.1.383	<PK:54-1.1.383: @(1.612, 97.88)>	54-1	1			1.6116391476878036	97.87968595446911	-81.56212070622493	50.726473455537764	17422.927734375		12.71359241591672	None		None	1.0		
<PK:54-1.1.384: @(3.817, 97.56)>	384	PK:54-1.1.384	<PK:54-1.1.384: @(3.817, 97.56)>	54-1	1			3.8171805176640987	97.56226185123606	34.53096350989275	57.130179365936264	7998.36376953125		5.836443708563849	None		None	1.0		
<PK:54-1.1.385: @(4.113, 97.36)>	385	PK:54-1.1.385	<PK:54-1.1.385: @(4.113, 97.36)>	54-1	1			4.113051169728248	97.35545289945799	27.335472763157764	75.20008975185394	8051.970703125		5.875560940453263	None		None	1.0		
<PK:54-1.1.386: @(1.872, 97.13)>	386	PK:54-1.1.386	<PK:54-1.1.386: @(1.872, 97.13)>	54-1	1			1.8723434473265623	97.12673014069705	23.003566102721717	75.82410285215622	8011.03173828125		5.8456875850167895	None		None	1.0		
<PK:54-1.1.387: @(1.317, 97.2)>	387	PK:54-1.1.387	<PK:54-1.1.387: @(1.317, 97.2)>	54-1	1			1.3171001950203518	97.19879776929034	49.99831509895806	51.429635487027404	23869.84765625		17.417940242778243	None		None	1.0		
<PK:54-1.1.388: @(1.92, 97.14)>	388	PK:54-1.1.388	<PK:54-1.1.388: @(1.92, 97.14)>	54-1	1			1.9201464815253022	97.1440527814068	30.317361681507137	50.96491159173901	14955.6279296875		10.913192129414982	None		None	1.0		
<PK:54-1.1.389: @(4.035, 97.1)>	389	PK:54-1.1.389	<PK:54-1.1.389: @(4.035, 97.1)>	54-1	1			4.034899414246681	97.09975389844669	40.697748772799905	63.64280820583442	8619.0537109375		6.289364081764339	None		None	1.0		
<PK:54-1.1.390: @(4.001, 97.15)>	390	PK:54-1.1.390	<PK:54-1.1.390: @(4.001, 97.15)>	54-1	1			4.000872589972108	97.14594976489252	24.264226130281465	75.31417508128747	7991.966796875		5.831775807491926	None		None	1.0		
<PK:54-1.1.391: @(1.999, 97.11)>	391	PK:54-1.1.391	<PK:54-1.1.391: @(1.999, 97.11)>	54-1	1			1.998850290685386	97.11340617547637	28.56942741439124	48.698000960553685	13033.5771484375		9.510662623005171	None		None	1.0		
<PK:54-1.1.392: @(1.016, 96.94)>	392	PK:54-1.1.392	<PK:54-1.1.392: @(1.016, 96.94)>	54-1	1			1.0158299475744297	96.9443590858017	53.44441160559646	50.092037769869314	11750.3779296875		8.574306110234758	None		None	1.0		
<PK:54-1.1.393: @(1.016, 96.94)>	393	PK:54-1.1.393	<PK:54-1.1.393: @(1.016, 96.94)>	54-1	1			1.0158299475744297	96.9443590858017	53.44441160559646	50.092037769869314	11750.3779296875		8.574306110234758	None		None	1.0		
<PK:54-1.1.394: @(3.871, 96.82)>	394	PK:54-1.1.394	<PK:54-1.1.394: @(3.871, 96.82)>	54-1	1			3.8706805953016943	96.81844593902962	35.37429998127308	77.58981896905591	10947.59765625		7.9885135642503124	None		None	1.0		
<PK:54-1.1.395: @(1.349, 96.77)>	395	PK:54-1.1.395	<PK:54-1.1.395: @(1.349, 96.77)>	54-1	1			1.3488823534182792	96.77317394429521	59.90075162396972	67.04080706916788	10186.05078125		7.432809223282248	None		None	1.0		
<PK:54-1.1.396: @(1.385, 96.78)>	396	PK:54-1.1.396	<PK:54-1.1.396: @(1.385, 96.78)>	54-1	1			1.3852123356644626	96.78171956056495	39.49229498035626	54.60702352209587	25032.35546875		18.266227668047424	None		None	1.0		
<PK:54-1.1.397: @(1.349, 96.77)>	397	PK:54-1.1.397	<PK:54-1.1.397: @(1.349, 96.77)>	54-1	1			1.3488823534182792	96.77317394429521	59.90075162396972	67.04080706916788	10186.05078125		7.432809223282248	None		None	1.0		
<PK:54-1.1.398: @(1.572, 96.68)>	398	PK:54-1.1.398	<PK:54-1.1.398: @(1.572, 96.68)>	54-1	1			1.5716992609175051	96.68089586940975	37.67861292148242	71.0737305456619	9583.2216796875		6.992921989026104	None		None	1.0		
<PK:54-1.1.399: @(1.572, 96.68)>	399	PK:54-1.1.399	<PK:54-1.1.399: @(1.572, 96.68)>	54-1	1			1.5716992609175051	96.68089586940975	37.67861292148242	71.0737305456619	9583.2216796875		6.992921989026104	None		None	1.0		
<PK:54-1.1.400: @(0.781, 96.58)>	400	PK:54-1.1.400	<PK:54-1.1.400: @(0.781, 96.58)>	54-1	1			0.7807351506341824	96.57672247874429	40.01204163218149	88.19866210632256	36834.63671875		26.878407875537604	None		None	1.0		
<PK:54-1.1.401: @(0.768, 96.39)>	401	PK:54-1.1.401	<PK:54-1.1.401: @(0.768, 96.39)>	54-1	1			0.7679535153847503	96.39424402147742	45.05291760254357	76.05407411295971	41148.35546875		30.026148761599718	None		None	1.0		
<PK:54-1.1.402: @(0.781, 96.58)>	402	PK:54-1.1.402	<PK:54-1.1.402: @(0.781, 96.58)>	54-1	1			0.7807351506341824	96.57672247874429	40.01204163218149	88.19866210632256	36834.63671875		26.878407875537604	None		None	1.0		
<PK:54-1.1.403: @(0.768, 96.39)>	403	PK:54-1.1.403	<PK:54-1.1.403: @(0.768, 96.39)>	54-1	1			0.7679535153847503	96.39424402147742	45.05291760254357	76.05407411295971	41148.35546875		30.026148761599718	None		None	1.0		
<PK:54-1.1.404: @(4.067, 96.43)>	404	PK:54-1.1.404	<PK:54-1.1.404: @(4.067, 96.43)>	54-1	1			4.067132232060985	96.43354030859253	31.253666234895157	69.84195022545016	10663.1650390625		7.780961744037011	None		None	1.0		
<PK:54-1.1.405: @(0.651, 96.36)>	405	PK:54-1.1.405	<PK:54-1.1.405: @(0.651, 96.36)>	54-1	1			0.6511950060861587	96.35755573026849	29.482177267662944	69.96787771593384	9081.4228515625		6.6267570210696	None		None	1.0		
<PK:54-1.1.406: @(0.651, 96.36)>	406	PK:54-1.1.406	<PK:54-1.1.406: @(0.651, 96.36)>	54-1	1			0.6511950060861587	96.35755573026849	29.482177267662944	69.96787771593384	9081.4228515625		6.6267570210696	None		None	1.0		
<PK:54-1.1.407: @(1.418, 96.24)>	407	PK:54-1.1.407	<PK:54-1.1.407: @(1.418, 96.24)>	54-1	1			1.4177931194723499	96.24108574079001	92.48852252196028	60.03345104553482	40000.27734375		29.18839074725165	None		None	1.0		
<PK:54-1.1.408: @(1.411, 95.86)>	408	PK:54-1.1.408	<PK:54-1.1.408: @(1.411, 95.86)>	54-1	1			1.4114753609680353	95.85983046606466	191.88873613109925	107.82711822903718	11926.5810546875		8.702882360323946	None		None	1.0		
<PK:54-1.1.409: @(1.411, 95.86)>	409	PK:54-1.1.409	<PK:54-1.1.409: @(1.411, 95.86)>	54-1	1			1.4114753609680353	95.85983046606466	191.88873613109925	107.82711822903718	11926.5810546875		8.702882360323946	None		None	1.0		
<PK:54-1.1.410: @(1.326, 96.25)>	410	PK:54-1.1.410	<PK:54-1.1.410: @(1.326, 96.25)>	54-1	1			1.3256574526244762	96.24714240269527	63.98818312356095	49.46955214649065	44146.03515625		32.21356974625748	None		None	1.0		
<PK:54-1.1.411: @(1.092, 96.05)>	411	PK:54-1.1.411	<PK:54-1.1.411: @(1.092, 96.05)>	54-1	1			1.0915663095506236	96.04607828704269	57.350097892758086	67.48027533055378	6781.76171875		4.94868346287997	None		None	1.0		
<PK:54-1.1.412: @(1.107, 96.0)>	412	PK:54-1.1.412	<PK:54-1.1.412: @(1.107, 96.0)>	54-1	1			1.1072354861375953	95.99534161805292	136.02046200480194	44.65877874919587	8449.2841796875		6.165482455331641	None		None	1.0		
<PK:54-1.1.413: @(1.092, 96.05)>	413	PK:54-1.1.413	<PK:54-1.1.413: @(1.092, 96.05)>	54-1	1			1.0915663095506236	96.04607828704269	57.350097892758086	67.48027533055378	6781.76171875		4.94868346287997	None		None	1.0		
<PK:54-1.1.414: @(1.107, 96.0)>	414	PK:54-1.1.414	<PK:54-1.1.414: @(1.107, 96.0)>	54-1	1			1.1072354861375953	95.99534161805292	136.02046200480194	44.65877874919587	8449.2841796875		6.165482455331641	None		None	1.0		
<PK:54-1.1.415: @(1.176, 96.04)>	415	PK:54-1.1.415	<PK:54-1.1.415: @(1.176, 96.04)>	54-1	1			1.1757399434319282	96.04072237362107	66.24843137195467	77.20393041697719	13339.2119140625		9.733685750778585	None		None	1.0		
<PK:54-1.1.416: @(1.231, 95.84)>	416	PK:54-1.1.416	<PK:54-1.1.416: @(1.231, 95.84)>	54-1	1			1.2309039621360878	95.83582902129257	161.5671417078908	110.52733326329415	12624.052734375		9.21183072952923	None		None	1.0		
<PK:54-1.1.417: @(1.231, 95.84)>	417	PK:54-1.1.417	<PK:54-1.1.417: @(1.231, 95.84)>	54-1	1			1.2309039621360878	95.83582902129257	161.5671417078908	110.52733326329415	12624.052734375		9.21183072952923	None		None	1.0		
<PK:54-1.1.418: @(0.614, 95.86)>	418	PK:54-1.1.418	<PK:54-1.1.418: @(0.614, 95.86)>	54-1	1			0.6138217381073474	95.8640277453769	47.007438320762	45.511171567016994	69185.3359375		50.48486544154306	None		None	1.0		
<PK:54-1.1.419: @(0.49, 95.87)>	419	PK:54-1.1.419	<PK:54-1.1.419: @(0.49, 95.87)>	54-1	1			0.48957544921057483	95.87293838547804	22.37548006889526	54.352973425284674	10109.31640625		7.376815788486824	None		None	1.0		
<PK:54-1.1.420: @(0.407, 95.85)>	420	PK:54-1.1.420	<PK:54-1.1.420: @(0.407, 95.85)>	54-1	1			0.4066677055193022	95.85346306850363	27.87219814192022	51.872826341180776	9379.587890625		6.844329454193883	None		None	1.0		
<PK:54-1.1.421: @(1.482, 95.69)>	421	PK:54-1.1.421	<PK:54-1.1.421: @(1.482, 95.69)>	54-1	1			1.481817876721653	95.68960929606196	138.35118032800824	82.89051457300802	7997.83642578125		5.836058903346104	None		None	1.0		
<PK:54-1.1.422: @(3.209, 95.43)>	422	PK:54-1.1.422	<PK:54-1.1.422: @(3.209, 95.43)>	54-1	1			3.208585874416631	95.43478200852108	41.06534059899733	63.2652078177253	14357.09765625		10.476441770285716	None		None	1.0		
<PK:54-1.1.423: @(3.121, 95.44)>	423	PK:54-1.1.423	<PK:54-1.1.423: @(3.121, 95.44)>	54-1	1			3.1214518118055192	95.44279881402	35.83452258354573	52.06000801664078	18269.66015625		13.331457051595699	None		None	1.0		
<PK:54-1.1.424: @(2.952, 94.93)>	424	PK:54-1.1.424	<PK:54-1.1.424: @(2.952, 94.93)>	54-1	1			2.9523729224701007	94.92942619491114	37.54831134126731	68.32329422818145	21833.169921875		15.931766908871266	None		None	1.0		
<PK:54-1.1.425: @(0.787, 94.97)>	425	PK:54-1.1.425	<PK:54-1.1.425: @(0.787, 94.97)>	54-1	1			0.7872153639511392	94.97430171992933	31.73856590038686	51.35183532133551	50753.328125		37.03494254065329	None		None	1.0		
<PK:54-1.1.426: @(2.856, 94.92)>	426	PK:54-1.1.426	<PK:54-1.1.426: @(2.856, 94.92)>	54-1	1			2.8563946221473753	94.92391060347903	39.38889429450793	55.871919407134904	24525.568359375		17.896422727771952	None		None	1.0		
<PK:54-1.1.427: @(2.818, 94.52)>	427	PK:54-1.1.427	<PK:54-1.1.427: @(2.818, 94.52)>	54-1	1			2.818161175423029	94.52111521628083	-281.796527978701	46.71804693235505	13194.1904296875		9.627862890694207	None		None	1.0		
<PK:54-1.1.428: @(2.818, 94.52)>	428	PK:54-1.1.428	<PK:54-1.1.428: @(2.818, 94.52)>	54-1	1			2.818161175423029	94.52111521628083	-281.796527978701	46.71804693235505	13194.1904296875		9.627862890694207	None		None	1.0		
<PK:54-1.1.429: @(2.968, 94.48)>	429	PK:54-1.1.429	<PK:54-1.1.429: @(2.968, 94.48)>	54-1	1			2.9679446918741625	94.47873102712882	24.621651018372674	44.63941722050853	301419.78125		219.9474338257504	None		None	1.0		
<PK:54-1.1.430: @(0.259, 94.48)>	430	PK:54-1.1.430	<PK:54-1.1.430: @(0.259, 94.48)>	54-1	1			0.2591730264068772	94.48195923651114	32.30763384355944	49.78602985425924	48346.68359375		35.27880269281703	None		None	1.0		
<PK:54-1.1.431: @(0.231, 94.13)>	431	PK:54-1.1.431	<PK:54-1.1.431: @(0.231, 94.13)>	54-1	1			0.2310487070811469	94.12624622137342	48.15227256562458	46.89559842217747	42536.83984375		31.03933234869517	None		None	1.0		
<PK:54-1.1.432: @(3.039, 94.43)>	432	PK:54-1.1.432	<PK:54-1.1.432: @(3.039, 94.43)>	54-1	1			3.038865438646729	94.43075238865103	17.99865798929178	50.19084158623927	-8613.609375		-6.28539132419225	None		None	1.0		
<PK:54-1.1.433: @(2.433, 94.37)>	433	PK:54-1.1.433	<PK:54-1.1.433: @(2.433, 94.37)>	54-1	1			2.4331537672752095	94.37441543397927	29.329491110566288	60.64469133659509	13708.201171875		10.002938949850527	None		None	1.0		
<PK:54-1.1.434: @(0.118, 94.16)>	434	PK:54-1.1.434	<PK:54-1.1.434: @(0.118, 94.16)>	54-1	1			0.117507501931712	94.15700814565277	-338.62000474562956	57.336290965125066	8394.654296875		6.125618772580027	None		None	1.0		
<PK:54-1.1.435: @(0.124, 94.15)>	435	PK:54-1.1.435	<PK:54-1.1.435: @(0.124, 94.15)>	54-1	1			0.12413592409281726	94.14760292467467	877.8219612745124	57.5708547724406	8087.208984375		5.9012744802256885	None		None	1.0		
<PK:54-1.1.436: @(4.045, 94.11)>	436	PK:54-1.1.436	<PK:54-1.1.436: @(4.045, 94.11)>	54-1	1			4.04520240030673	94.10737944516269	32.7833934137836	57.93279599314742	13397.1953125		9.775996509674155	None		None	1.0		
<PK:54-1.1.437: @(2.262, 93.95)>	437	PK:54-1.1.437	<PK:54-1.1.437: @(2.262, 93.95)>	54-1	1			2.2616682351026967	93.9474724079939	35.9096044961076	67.2192217689074	7755.4951171875		5.659221309230275	None		None	1.0		
<PK:54-1.1.438: @(2.262, 93.95)>	438	PK:54-1.1.438	<PK:54-1.1.438: @(2.262, 93.95)>	54-1	1			2.2616682351026967	93.9474724079939	35.9096044961076	67.2192217689074	7755.4951171875		5.659221309230275	None		None	1.0		
<PK:54-1.1.439: @(2.838, 93.76)>	439	PK:54-1.1.439	<PK:54-1.1.439: @(2.838, 93.76)>	54-1	1			2.838464607373611	93.76345318622491	72.71782184640556	80.04783618329304	25290.234375		18.454403120342754	None		None	1.0		
<PK:54-1.1.440: @(2.038, 93.6)>	440	PK:54-1.1.440	<PK:54-1.1.440: @(2.038, 93.6)>	54-1	1			2.038097889091487	93.60204139218854	35.615584168296536	62.54648440433178	8694.9912109375		6.344776033119615	None		None	1.0		
<PK:54-1.1.441: @(0.885, 93.59)>	441	PK:54-1.1.441	<PK:54-1.1.441: @(0.885, 93.59)>	54-1	1			0.8850254210573585	93.59073947283406	63.29895068819696	57.158955277781914	25938.34765625		18.927334433769367	None		None	1.0		
<PK:54-1.1.442: @(0.878, 93.31)>	442	PK:54-1.1.442	<PK:54-1.1.442: @(0.878, 93.31)>	54-1	1			0.8778894750689474	93.31127335339903	44.72347418180636	150.33889159959415	8501.5625		6.203630191853015	None		None	1.0		
<PK:54-1.1.443: @(0.404, 93.43)>	443	PK:54-1.1.443	<PK:54-1.1.443: @(0.404, 93.43)>	54-1	1			0.40445072520407344	93.4293491961685	27.95046207327869	55.42120244151687	7233.458984375		5.27828908474168	None		None	1.0		
<PK:54-1.1.444: @(0.404, 93.43)>	444	PK:54-1.1.444	<PK:54-1.1.444: @(0.404, 93.43)>	54-1	1			0.40445072520407344	93.4293491961685	27.95046207327869	55.42120244151687	7233.458984375		5.27828908474168	None		None	1.0		
<PK:54-1.1.445: @(2.782, 93.4)>	445	PK:54-1.1.445	<PK:54-1.1.445: @(2.782, 93.4)>	54-1	1			2.7819241951598546	93.39826949235517	37.683797880816094	49.89090648727251	88359.90625		64.47663969556207	None		None	1.0		
<PK:54-1.1.446: @(2.899, 93.37)>	446	PK:54-1.1.446	<PK:54-1.1.446: @(2.899, 93.37)>	54-1	1			2.8988605550714226	93.37138059419459	44.156647979831014	47.33913658344592	102452.5234375		74.76008882230809	None		None	1.0		
<PK:54-1.1.447: @(3.889, 93.21)>	447	PK:54-1.1.447	<PK:54-1.1.447: @(3.889, 93.21)>	54-1	1			3.8888169376925443	93.20754099336503	17.907442107128	51.07054690534348	8918.6845703125		6.508006130873501	None		None	1.0		
<PK:54-1.1.448: @(0.939, 93.22)>	448	PK:54-1.1.448	<PK:54-1.1.448: @(0.939, 93.22)>	54-1	1			0.9394714967077249	93.21586838357946	29.185201781682434	56.80884947429776	14800.765625		10.800188376406131	None		None	1.0		
<PK:54-1.1.449: @(-0.325, 92.95)>	449	PK:54-1.1.449	<PK:54-1.1.449: @(-0.325, 92.95)>	54-1	1			-0.3251039576793282	92.95046119097147	31.979972472748646	43.880854646292846	39964.546875		29.162318055942663	None		None	1.0		
<PK:54-1.1.450: @(-0.399, 92.94)>	450	PK:54-1.1.450	<PK:54-1.1.450: @(-0.399, 92.94)>	54-1	1			-0.39898823922095694	92.93639620976342	23.45508442093161	47.534967217645566	8662.9912109375		6.321425482425046	None		None	1.0		
<PK:54-1.1.451: @(0.745, 92.67)>	451	PK:54-1.1.451	<PK:54-1.1.451: @(0.745, 92.67)>	54-1	1			0.7446251894569844	92.66963719630064	38.347932366797494	48.38177951822923	40278.53125		29.39143393299704	None		None	1.0		
<PK:54-1.1.452: @(1.271, 92.54)>	452	PK:54-1.1.452	<PK:54-1.1.452: @(1.271, 92.54)>	54-1	1			1.2708686076231217	92.53879642067307	42.44981727634478	51.21041725913647	20769.041015625		15.155267034779177	None		None	1.0		
<PK:54-1.1.453: @(3.971, 92.22)>	453	PK:54-1.1.453	<PK:54-1.1.453: @(3.971, 92.22)>	54-1	1			3.9713205976233503	92.21512255264504	29.14821454443224	70.12289133432711	5993.14404296875		4.373225431099868	None		None	1.0		
<PK:54-1.1.454: @(0.591, 92.48)>	454	PK:54-1.1.454	<PK:54-1.1.454: @(0.591, 92.48)>	54-1	1			0.5906575394748987	92.48029570401403	95.65441630398601	59.71065774333373	8458.1806640625		6.17197426187545	None		None	1.0		
<PK:54-1.1.455: @(0.59, 92.48)>	455	PK:54-1.1.455	<PK:54-1.1.455: @(0.59, 92.48)>	54-1	1			0.5903333018292596	92.48029630777502	95.71683282653476	59.71311249653547	8458.4443359375		6.1721666644843225	None		None	1.0		
<PK:54-1.1.456: @(0.362, 92.47)>	456	PK:54-1.1.456	<PK:54-1.1.456: @(0.362, 92.47)>	54-1	1			0.3622247039465307	92.46773375224626	26.26848156349013	55.54646229308028	9449.1455078125		6.895085975016699	None		None	1.0		
<PK:54-1.1.457: @(0.362, 92.47)>	457	PK:54-1.1.457	<PK:54-1.1.457: @(0.362, 92.47)>	54-1	1			0.36222565965091746	92.46771295603442	26.279188788089954	55.54563954612805	9448.037109375		6.89427717145718	None		None	1.0		
<PK:54-1.1.458: @(3.772, 92.48)>	458	PK:54-1.1.458	<PK:54-1.1.458: @(3.772, 92.48)>	54-1	1			3.7720901010346015	92.47771848314716	30.838191891327835	49.04159559860851	8582.86328125		6.262955754793207	None		None	1.0		
<PK:54-1.1.459: @(0.489, 92.44)>	459	PK:54-1.1.459	<PK:54-1.1.459: @(0.489, 92.44)>	54-1	1			0.48912314717728655	92.44099720310862	28.299573713388153	44.98943535423548	95752.953125		69.87138081562495	None		None	1.0		
<PK:54-1.1.460: @(2.519, 92.4)>	460	PK:54-1.1.460	<PK:54-1.1.460: @(2.519, 92.4)>	54-1	1			2.5189152143956246	92.3973302398794	34.37919972034596	52.84591343936319	16121.9775390625		11.764282931955659	None		None	1.0		
<PK:54-1.1.461: @(2.391, 92.41)>	461	PK:54-1.1.461	<PK:54-1.1.461: @(2.391, 92.41)>	54-1	1			2.391492134255909	92.40664571849491	32.63533998949401	42.87985821809562	19879.775390625		14.5063657204823	None		None	1.0		
<PK:54-1.1.462: @(1.426, 92.42)>	462	PK:54-1.1.462	<PK:54-1.1.462: @(1.426, 92.42)>	54-1	1			1.426370237808234	92.41602101976177	33.08386434442717	55.7552275883814	34263.1015625		25.001946562135043	None		None	1.0		
<PK:54-1.1.463: @(1.373, 92.4)>	463	PK:54-1.1.463	<PK:54-1.1.463: @(1.373, 92.4)>	54-1	1			1.373228489583651	92.40227898359838	-198.21212985194614	70.60227631055116	8613.998046875		6.285674939889773	None		None	1.0		
<PK:54-1.1.464: @(0.623, 92.04)>	464	PK:54-1.1.464	<PK:54-1.1.464: @(0.623, 92.04)>	54-1	1			0.6229106958731556	92.0391884284513	32.874937646855095	48.56265571499796	39490.26953125		28.816235644738917	None		None	1.0		
<PK:54-1.1.465: @(0.218, 91.88)>	465	PK:54-1.1.465	<PK:54-1.1.465: @(0.218, 91.88)>	54-1	1			0.21754287190077193	91.87815836230034	41.30461289045896	53.22136591842079	33842.3046875		24.694889100828675	None		None	1.0		
<PK:54-1.1.466: @(0.871, 91.67)>	466	PK:54-1.1.466	<PK:54-1.1.466: @(0.871, 91.67)>	54-1	1			0.8712775836071351	91.66634164916661	34.89497332618781	47.701556615903634	169122.546875		123.40951888747823	None		None	1.0		
<PK:54-1.1.467: @(0.468, 91.66)>	467	PK:54-1.1.467	<PK:54-1.1.467: @(0.468, 91.66)>	54-1	1			0.4680630960110612	91.66230538955595	37.72217016189521	49.3617116013011	40608.890625		29.63249872466465	None		None	1.0		
<PK:54-1.1.468: @(0.493, 91.31)>	468	PK:54-1.1.468	<PK:54-1.1.468: @(0.493, 91.31)>	54-1	1			0.49335104898251636	91.31176543211582	47.190801407664175	64.0815076708879	7926.10107421875		5.783713279494451	None		None	1.0		
<PK:54-1.1.469: @(0.493, 91.31)>	469	PK:54-1.1.469	<PK:54-1.1.469: @(0.493, 91.31)>	54-1	1			0.49335104898251636	91.31176543211582	47.190801407664175	64.0815076708879	7926.10107421875		5.783713279494451	None		None	1.0		
<PK:54-1.1.470: @(1.029, 91.63)>	470	PK:54-1.1.470	<PK:54-1.1.470: @(1.029, 91.63)>	54-1	1			1.0290946764578184	91.63281104470225	37.430958726849255	44.232238405083955	35062.265625		25.585100341968914	None		None	1.0		
<PK:54-1.1.471: @(0.368, 91.28)>	471	PK:54-1.1.471	<PK:54-1.1.471: @(0.368, 91.28)>	54-1	1			0.36751307923044685	91.2843708338134	35.55471388002231	50.920645108178	36594.671875		26.703304399009518	None		None	1.0		
<PK:54-1.1.472: @(0.368, 91.28)>	472	PK:54-1.1.472	<PK:54-1.1.472: @(0.368, 91.28)>	54-1	1			0.36751307923044685	91.2843708338134	35.55471388002231	50.920645108178	36594.671875		26.703304399009518	None		None	1.0		
<PK:54-1.1.473: @(0.368, 91.28)>	473	PK:54-1.1.473	<PK:54-1.1.473: @(0.368, 91.28)>	54-1	1			0.36751307923044685	91.2843708338134	35.55471388002231	50.920645108178	36594.671875		26.703304399009518	None		None	1.0		
<PK:54-1.1.474: @(-0.34, 91.58)>	474	PK:54-1.1.474	<PK:54-1.1.474: @(-0.34, 91.58)>	54-1	1			-0.3398653793618287	91.57584520587568	41.195872024847844	45.36292537949719	36456.125		26.602206091876344	None		None	1.0		
<PK:54-1.1.475: @(1.101, 91.22)>	475	PK:54-1.1.475	<PK:54-1.1.475: @(1.101, 91.22)>	54-1	1			1.101442648266982	91.22218019832668	25.444186459749133	40.905174491070504	146528.3125		106.92239966315292	None		None	1.0		
<PK:54-1.1.476: @(1.101, 91.22)>	476	PK:54-1.1.476	<PK:54-1.1.476: @(1.101, 91.22)>	54-1	1			1.101442648266982	91.22218019832668	25.444186459749133	40.905174491070504	146528.3125		106.92239966315292	None		None	1.0		
<PK:54-1.1.477: @(1.101, 91.22)>	477	PK:54-1.1.477	<PK:54-1.1.477: @(1.101, 91.22)>	54-1	1			1.101442648266982	91.22218019832668	25.444186459749133	40.905174491070504	146528.3125		106.92239966315292	None		None	1.0		
<PK:54-1.1.478: @(0.689, 91.53)>	478	PK:54-1.1.478	<PK:54-1.1.478: @(0.689, 91.53)>	54-1	1			0.6892900399363082	91.53280093825111	41.55716846864186	52.59906575029774	42561.171875		31.057087546482823	None		None	1.0		
<PK:54-1.1.479: @(3.865, 91.49)>	479	PK:54-1.1.479	<PK:54-1.1.479: @(3.865, 91.49)>	54-1	1			3.865151785700437	91.48532967702904	-164.5034226851583	57.47820807055742	10802.5390625		7.882663625280242	None		None	1.0		
<PK:54-1.1.480: @(0.6, 91.28)>	480	PK:54-1.1.480	<PK:54-1.1.480: @(0.6, 91.28)>	54-1	1			0.6002094912168054	91.27706557741136	28.570949768599746	47.726508777569656	66052.75		48.199002730959066	None		None	1.0		
<PK:54-1.1.481: @(0.291, 91.3)>	481	PK:54-1.1.481	<PK:54-1.1.481: @(0.291, 91.3)>	54-1	1			0.2913935843258617	91.29618960611688	29.98413327030642	50.00520424727157	7103.623046875		5.183547189723848	None		None	1.0		
<PK:54-1.1.482: @(0.291, 91.3)>	482	PK:54-1.1.482	<PK:54-1.1.482: @(0.291, 91.3)>	54-1	1			0.2913935843258617	91.29618960611688	29.98413327030642	50.00520424727157	7103.623046875		5.183547189723848	None		None	1.0		
<PK:54-1.1.483: @(0.982, 91.19)>	483	PK:54-1.1.483	<PK:54-1.1.483: @(0.982, 91.19)>	54-1	1			0.9817503355654438	91.18525228108962	7882.2481326567695	62.66854093784348	9253.537109375		6.752349605516753	None		None	1.0		
<PK:54-1.1.484: @(1.033, 90.86)>	484	PK:54-1.1.484	<PK:54-1.1.484: @(1.033, 90.86)>	54-1	1			1.0329404757034464	90.86129197878563	-147.73424332722615	55.39283790314733	12701.7314453125		9.26851325070532	None		None	1.0		
<PK:54-1.1.485: @(1.033, 90.86)>	485	PK:54-1.1.485	<PK:54-1.1.485: @(1.033, 90.86)>	54-1	1			1.0329404757034464	90.86129197878563	-147.73424332722615	55.39283790314733	12701.7314453125		9.26851325070532	None		None	1.0		
<PK:54-1.1.486: @(4.206, 91.12)>	486	PK:54-1.1.486	<PK:54-1.1.486: @(4.206, 91.12)>	54-1	1			4.2060166866403	91.12240882903335	21.319628920023987	53.8602997370166	10103.912109375		7.372872247607193	None		None	1.0		
<PK:54-1.1.487: @(4.12, 91.02)>	487	PK:54-1.1.487	<PK:54-1.1.487: @(4.12, 91.02)>	54-1	1			4.119932958081659	91.0156858563374	37.10619281404288	54.68570038535982	10701.3525390625		7.808827342619788	None		None	1.0		
<PK:54-1.1.488: @(1.175, 90.83)>	488	PK:54-1.1.488	<PK:54-1.1.488: @(1.175, 90.83)>	54-1	1			1.174595293302918	90.83414475477737	28.45423296093936	47.26738225908742	29464.705078125		21.500534050852544	None		None	1.0		
<PK:54-1.1.489: @(0.942, 90.82)>	489	PK:54-1.1.489	<PK:54-1.1.489: @(0.942, 90.82)>	54-1	1			0.9422838659221977	90.81848904784533	48.512995887834215	56.944622952898285	15055.724609375		10.986233147958764	None		None	1.0		
<PK:54-1.1.490: @(4.172, 90.6)>	490	PK:54-1.1.490	<PK:54-1.1.490: @(4.172, 90.6)>	54-1	1			4.17187628287267	90.59626030874176	26.1565407690329	60.266389590428325	8056.10595703125		5.878578454702414	None		None	1.0		
<PK:54-1.1.491: @(0.805, 90.61)>	491	PK:54-1.1.491	<PK:54-1.1.491: @(0.805, 90.61)>	54-1	1			0.8050338002379025	90.61254879073275	23.500107300396113	46.712769887354064	87427.7578125		63.796446591039974	None		None	1.0		
<PK:54-1.1.492: @(0.922, 90.37)>	492	PK:54-1.1.492	<PK:54-1.1.492: @(0.922, 90.37)>	54-1	1			0.9218616877017247	90.3689995907584	22.233211590597993	44.04210630510263	88563.3515625		64.62509469815906	None		None	1.0		
<PK:54-1.1.493: @(0.031, 90.38)>	493	PK:54-1.1.493	<PK:54-1.1.493: @(0.031, 90.38)>	54-1	1			0.031276206642807836	90.38440819173448	32.71562775644731	48.249472366952034	44349.953125		32.36236964834593	None		None	1.0		
<PK:54-1.1.494: @(0.624, 90.28)>	494	PK:54-1.1.494	<PK:54-1.1.494: @(0.624, 90.28)>	54-1	1			0.6242228779943559	90.28142137589528	-594.9506392845732	84.81116338237126	10129.3193359375		7.391412020477695	None		None	1.0		
<PK:54-1.1.495: @(0.624, 90.28)>	495	PK:54-1.1.495	<PK:54-1.1.495: @(0.624, 90.28)>	54-1	1			0.6242228779943559	90.28142137589528	-594.9506392845732	84.81116338237126	10129.3193359375		7.391412020477695	None		None	1.0		
<PK:54-1.1.496: @(0.71, 90.23)>	496	PK:54-1.1.496	<PK:54-1.1.496: @(0.71, 90.23)>	54-1	1			0.7098776595456275	90.2271372924424	23.180374111502562	50.05544239006373	80185.640625		58.51183957470472	None		None	1.0		
<PK:54-1.1.497: @(0.693, 89.85)>	497	PK:54-1.1.497	<PK:54-1.1.497: @(0.693, 89.85)>	54-1	1			0.6933851436306053	89.85073840277583	23.5837651416659	45.79372782257475	94014.6171875		68.60290889585042	None		None	1.0		
<PK:54-1.1.498: @(2.568, 90.15)>	498	PK:54-1.1.498	<PK:54-1.1.498: @(2.568, 90.15)>	54-1	1			2.5681079771667132	90.14814677263576	31.10523072954931	51.82355256571786	9236.5791015625		6.739975267357232	None		None	1.0		
<PK:54-1.1.499: @(2.563, 89.79)>	499	PK:54-1.1.499	<PK:54-1.1.499: @(2.563, 89.79)>	54-1	1			2.563204496891151	89.79492524430445	21.48103577872878	67.45116222733427	7834.986328125		5.717226420191799	None		None	1.0		
<PK:54-1.1.500: @(0.789, 89.9)>	500	PK:54-1.1.500	<PK:54-1.1.500: @(0.789, 89.9)>	54-1	1			0.7887370245273218	89.89603261926888	20.7081395320785	41.46107156193828	212468.640625		155.0393676225068	None		None	1.0		
<PK:54-1.1.501: @(-0.989, 89.81)>	501	PK:54-1.1.501	<PK:54-1.1.501: @(-0.989, 89.81)>	54-1	1			-0.9885922896858066	89.80969820235688	26.36730921669644	48.35272710945701	46398.36328125		33.85710418574548	None		None	1.0		
<PK:54-1.1.502: @(-1.058, 89.81)>	502	PK:54-1.1.502	<PK:54-1.1.502: @(-1.058, 89.81)>	54-1	1			-1.0576920164163344	89.80777515652179	22.49605201471307	46.03259081990707	8498.84375		6.201646307174863	None		None	1.0		
<PK:54-1.1.503: @(1.978, 89.57)>	503	PK:54-1.1.503	<PK:54-1.1.503: @(1.978, 89.57)>	54-1	1			1.977836934638118	89.56988651770152	32.66793030958904	49.46437288698808	9039.498046875		6.59616429365662	None		None	1.0		
<PK:54-1.1.504: @(1.978, 89.57)>	504	PK:54-1.1.504	<PK:54-1.1.504: @(1.978, 89.57)>	54-1	1			1.977836934638118	89.56988651770152	32.66793030958904	49.46437288698808	9039.498046875		6.59616429365662	None		None	1.0		
<PK:54-1.1.505: @(4.033, 89.54)>	505	PK:54-1.1.505	<PK:54-1.1.505: @(4.033, 89.54)>	54-1	1			4.0326256441849235	89.54272056033147	24.927342728448945	65.63616896305793	9139.7978515625		6.669353533469458	None		None	1.0		
<PK:54-1.1.506: @(0.044, 89.28)>	506	PK:54-1.1.506	<PK:54-1.1.506: @(0.044, 89.28)>	54-1	1			0.044177663329564965	89.28121406622093	24.304408818865394	48.08329771408382	41906.2421875		30.57918226931573	None		None	1.0		
<PK:54-1.1.507: @(4.212, 89.15)>	507	PK:54-1.1.507	<PK:54-1.1.507: @(4.212, 89.15)>	54-1	1			4.212142692019405	89.1519212834562	39.33501489555982	59.45615918199529	12371.2099609375		9.027330167063363	None		None	1.0		
<PK:54-1.1.508: @(0.658, 89.13)>	508	PK:54-1.1.508	<PK:54-1.1.508: @(0.658, 89.13)>	54-1	1			0.65796885957554	89.12573486120654	24.184830880795495	61.508177750616376	33507.8125		24.45080857641755	None		None	1.0		
<PK:54-1.1.509: @(0.625, 88.75)>	509	PK:54-1.1.509	<PK:54-1.1.509: @(0.625, 88.75)>	54-1	1			0.6249110299505105	88.75151420701982	27.395832615020904	45.55586628362281	63569.828125		46.38720294618276	None		None	1.0		
<PK:54-1.1.510: @(3.091, 89.05)>	510	PK:54-1.1.510	<PK:54-1.1.510: @(3.091, 89.05)>	54-1	1			3.091270040132523	89.0529237177262	60.97798140194162	44.551322602172526	12047.205078125		8.790902278269577	None		None	1.0		
<PK:54-1.1.511: @(2.2, 89.06)>	511	PK:54-1.1.511	<PK:54-1.1.511: @(2.2, 89.06)>	54-1	1			2.1998007266445327	89.06103900335091	44.36349412665146	46.73442094546994	9699.177734375		7.0775356681924375	None		None	1.0		
<PK:54-1.1.512: @(3.859, 88.91)>	512	PK:54-1.1.512	<PK:54-1.1.512: @(3.859, 88.91)>	54-1	1			3.858867402185208	88.91064717228707	34.28035415709013	64.51349028377399	10663.54296875		7.781237521109729	None		None	1.0		
<PK:54-1.1.513: @(3.859, 88.91)>	513	PK:54-1.1.513	<PK:54-1.1.513: @(3.859, 88.91)>	54-1	1			3.858867402185208	88.91064717228707	34.28035415709013	64.51349028377399	10663.54296875		7.781237521109729	None		None	1.0		
<PK:54-1.1.514: @(3.467, 88.75)>	514	PK:54-1.1.514	<PK:54-1.1.514: @(3.467, 88.75)>	54-1	1			3.4674102885963602	88.74603752462923	29.914131841789406	46.92546683407444	10980.6455078125		8.012628737164587	None		None	1.0		
<PK:54-1.1.515: @(0.818, 88.54)>	515	PK:54-1.1.515	<PK:54-1.1.515: @(0.818, 88.54)>	54-1	1			0.8180321713224945	88.54366450546551	25.33862462792637	54.3573906322823	33912.5		24.746110950924063	None		None	1.0		
<PK:54-1.1.516: @(4.008, 88.53)>	516	PK:54-1.1.516	<PK:54-1.1.516: @(4.008, 88.53)>	54-1	1			4.00757926042977	88.52630424709191	41.75110146976428	76.13511468775445	8786.3291015625		6.411425722037555	None		None	1.0		
<PK:54-1.1.517: @(3.998, 88.47)>	517	PK:54-1.1.517	<PK:54-1.1.517: @(3.998, 88.47)>	54-1	1			3.9979686373983245	88.47218106594266	67.77958538478755	67.23580484067408	8587.5166015625		6.26635130453868	None		None	1.0		
<PK:54-1.1.518: @(3.742, 88.35)>	518	PK:54-1.1.518	<PK:54-1.1.518: @(3.742, 88.35)>	54-1	1			3.742243512809033	88.3537242835313	-37.26884292868461	75.6440561461672	11310.2607421875		8.253150525913826	None		None	1.0		
<PK:54-1.1.519: @(3.742, 88.35)>	519	PK:54-1.1.519	<PK:54-1.1.519: @(3.742, 88.35)>	54-1	1			3.742243512809033	88.3537242835313	-37.26884292868461	75.6440561461672	11310.2607421875		8.253150525913826	None		None	1.0		
<PK:54-1.1.520: @(3.742, 88.35)>	520	PK:54-1.1.520	<PK:54-1.1.520: @(3.742, 88.35)>	54-1	1			3.742243512809033	88.3537242835313	-37.26884292868461	75.6440561461672	11310.2607421875		8.253150525913826	None		None	1.0		
<PK:54-1.1.521: @(2.816, 88.44)>	521	PK:54-1.1.521	<PK:54-1.1.521: @(2.816, 88.44)>	54-1	1			2.8161947539184755	88.44466823111318	35.77904919019107	49.38633668733447	24047.5625		17.5476196011583	None		None	1.0		
<PK:54-1.1.522: @(2.621, 88.46)>	522	PK:54-1.1.522	<PK:54-1.1.522: @(2.621, 88.46)>	54-1	1			2.620885572154684	88.45566297029328	30.54741328247842	48.442264906873156	25733.357421875		18.777752094404836	None		None	1.0		
<PK:54-1.1.523: @(1.094, 88.33)>	523	PK:54-1.1.523	<PK:54-1.1.523: @(1.094, 88.33)>	54-1	1			1.0941013154329866	88.33404115537866	45.39065039119652	51.36506333893224	81498.1640625		59.46959410799077	None		None	1.0		
<PK:54-1.1.524: @(3.742, 88.35)>	524	PK:54-1.1.524	<PK:54-1.1.524: @(3.742, 88.35)>	54-1	1			3.742243512809033	88.3537242835313	-37.26884292868461	75.6440561461672	11310.2607421875		8.253150525913826	None		None	1.0		
<PK:54-1.1.525: @(3.742, 88.35)>	525	PK:54-1.1.525	<PK:54-1.1.525: @(3.742, 88.35)>	54-1	1			3.742243512809033	88.3537242835313	-37.26884292868461	75.6440561461672	11310.2607421875		8.253150525913826	None		None	1.0		
<PK:54-1.1.526: @(0.51, 88.27)>	526	PK:54-1.1.526	<PK:54-1.1.526: @(0.51, 88.27)>	54-1	1			0.51022260621653	88.27390270349417	-212.47677982617614	48.639835448561946	9406.955078125		6.864299419790337	None		None	1.0		
<PK:54-1.1.527: @(0.57, 88.27)>	527	PK:54-1.1.527	<PK:54-1.1.527: @(0.57, 88.27)>	54-1	1			0.5699988841505554	88.26538925426824	26.142717195818015	47.35084723986026	57584.2734375		42.01951550350827	None		None	1.0		
<PK:54-1.1.528: @(3.575, 88.2)>	528	PK:54-1.1.528	<PK:54-1.1.528: @(3.575, 88.2)>	54-1	1			3.5747639350311147	88.19929751777676	39.23508875931679	66.63909075399992	10211.7822265625		7.451585580101437	None		None	1.0		
<PK:54-1.1.529: @(3.575, 88.2)>	529	PK:54-1.1.529	<PK:54-1.1.529: @(3.575, 88.2)>	54-1	1			3.5747639350311147	88.19929751777676	39.23508875931679	66.63909075399992	10211.7822265625		7.451585580101437	None		None	1.0		
<PK:54-1.1.530: @(2.896, 88.23)>	530	PK:54-1.1.530	<PK:54-1.1.530: @(2.896, 88.23)>	54-1	1			2.896349620993268	88.23135393915919	35.19006825696958	47.861904601831455	23167.775390625		16.905634804349262	None		None	1.0		
<PK:54-1.1.531: @(2.253, 88.22)>	531	PK:54-1.1.531	<PK:54-1.1.531: @(2.253, 88.22)>	54-1	1			2.253135482356331	88.21978577797962	31.17273669116767	44.73685541181433	23749.89453125		17.330409882581854	None		None	1.0		
<PK:54-1.1.532: @(1.337, 88.13)>	532	PK:54-1.1.532	<PK:54-1.1.532: @(1.337, 88.13)>	54-1	1			1.3369233257857296	88.13233413489942	28.283839734892005	44.73593150744995	52312.9375		38.172996846111495	None		None	1.0		
<PK:54-1.1.533: @(3.474, 88.07)>	533	PK:54-1.1.533	<PK:54-1.1.533: @(3.474, 88.07)>	54-1	1			3.4741946548339815	88.0698099214662	32.611719619196144	58.589820128951104	16408.2109375		11.973148790727334	None		None	1.0		
<PK:54-1.1.534: @(4.021, 88.08)>	534	PK:54-1.1.534	<PK:54-1.1.534: @(4.021, 88.08)>	54-1	1			4.020775447389264	88.08247724629771	32.282016502741	75.24058643585515	5178.40478515625		3.7787063578996727	None		None	1.0		
<PK:54-1.1.535: @(4.021, 88.08)>	535	PK:54-1.1.535	<PK:54-1.1.535: @(4.021, 88.08)>	54-1	1			4.020775447389264	88.08247724629771	32.282016502741	75.24058643585515	5178.40478515625		3.7787063578996727	None		None	1.0		
<PK:54-1.1.536: @(1.061, 87.8)>	536	PK:54-1.1.536	<PK:54-1.1.536: @(1.061, 87.8)>	54-1	1			1.0611532723492338	87.79548539707278	25.057738336423995	49.91365341735345	56394.23828125		41.15114124587281	None		None	1.0		
<PK:54-1.1.537: @(4.269, 87.83)>	537	PK:54-1.1.537	<PK:54-1.1.537: @(4.269, 87.83)>	54-1	1			4.268913712714792	87.82929289303523	34.68594215332692	56.359774630670444	11057.9619140625		8.06904688290404	None		None	1.0		
<PK:54-1.1.538: @(4.269, 87.83)>	538	PK:54-1.1.538	<PK:54-1.1.538: @(4.269, 87.83)>	54-1	1			4.268913712714792	87.82929289303523	34.68594215332692	56.359774630670444	11057.9619140625		8.06904688290404	None		None	1.0		
<PK:54-1.1.539: @(4.269, 87.83)>	539	PK:54-1.1.539	<PK:54-1.1.539: @(4.269, 87.83)>	54-1	1			4.268913712714792	87.82929289303523	34.68594215332692	56.359774630670444	11057.9619140625		8.06904688290404	None		None	1.0		
<PK:54-1.1.540: @(1.416, 87.68)>	540	PK:54-1.1.540	<PK:54-1.1.540: @(1.416, 87.68)>	54-1	1			1.4158588783264001	87.67710985405674	21.473467290305905	44.33968443636608	72071.3203125		52.590781830673414	None		None	1.0		
<PK:54-1.1.541: @(0.847, 87.68)>	541	PK:54-1.1.541	<PK:54-1.1.541: @(0.847, 87.68)>	54-1	1			0.8472967654430956	87.67623180109594	24.00131406596834	43.44338255784024	95715.5		69.84405109393799	None		None	1.0		
<PK:54-1.1.542: @(0.367, 87.68)>	542	PK:54-1.1.542	<PK:54-1.1.542: @(0.367, 87.68)>	54-1	1			0.3671343067033135	87.67811587080496	24.64738925202531	50.53403833847294	50051.3515625		36.5227069372453	None		None	1.0		
<PK:54-1.1.543: @(0.919, 87.6)>	543	PK:54-1.1.543	<PK:54-1.1.543: @(0.919, 87.6)>	54-1	1			0.9189540765720903	87.59685645074323	22.19410051997652	42.827118115309375	112967.796875		82.43313336823303	None		None	1.0		
<PK:54-1.1.544: @(4.064, 87.33)>	544	PK:54-1.1.544	<PK:54-1.1.544: @(4.064, 87.33)>	54-1	1			4.064422421873374	87.3315705470095	-42.451530671081414	89.35755513915962	9919.560546875		7.238350044301591	None		None	1.0		
<PK:54-1.1.545: @(4.064, 87.33)>	545	PK:54-1.1.545	<PK:54-1.1.545: @(4.064, 87.33)>	54-1	1			4.064422421873374	87.3315705470095	-42.451530671081414	89.35755513915962	9919.560546875		7.238350044301591	None		None	1.0		
<PK:54-1.1.546: @(0.433, 87.47)>	546	PK:54-1.1.546	<PK:54-1.1.546: @(0.433, 87.47)>	54-1	1			0.43289638519652485	87.47300954178753	25.016688502942866	50.69816623970179	18865.439453125		13.766200010172398	None		None	1.0		
<PK:54-1.1.547: @(1.28, 87.38)>	547	PK:54-1.1.547	<PK:54-1.1.547: @(1.28, 87.38)>	54-1	1			1.2796727953478335	87.37892484631107	42.999903552043065	66.3974256963508	110498.84375		80.63152664611344	None		None	1.0		
<PK:54-1.1.548: @(1.307, 87.17)>	548	PK:54-1.1.548	<PK:54-1.1.548: @(1.307, 87.17)>	54-1	1			1.3072635479017514	87.1739172489865	25.937515788544406	57.02259508619086	92827.2421875		67.7364757667578	None		None	1.0		
<PK:54-1.1.549: @(1.307, 87.17)>	549	PK:54-1.1.549	<PK:54-1.1.549: @(1.307, 87.17)>	54-1	1			1.3072635479017514	87.1739172489865	25.937515788544406	57.02259508619086	92827.2421875		67.7364757667578	None		None	1.0		
<PK:54-1.1.550: @(4.005, 87.24)>	550	PK:54-1.1.550	<PK:54-1.1.550: @(4.005, 87.24)>	54-1	1			4.004755153970812	87.24250917650532	31.9912498339246	78.06494859014178	11395.2392578125		8.315159748946662	None		None	1.0		
<PK:54-1.1.551: @(3.896, 86.84)>	551	PK:54-1.1.551	<PK:54-1.1.551: @(3.896, 86.84)>	54-1	1			3.8964420251317264	86.83525358885522	29.854106310850486	46.88470376888789	8686.146484375		6.338321994495326	None		None	1.0		
<PK:54-1.1.552: @(1.11, 86.86)>	552	PK:54-1.1.552	<PK:54-1.1.552: @(1.11, 86.86)>	54-1	1			1.1097666244037736	86.85798990278789	24.941618530414004	49.04474159412667	69357.8359375		50.610739503880964	None		None	1.0		
<PK:54-1.1.553: @(2.315, 86.68)>	553	PK:54-1.1.553	<PK:54-1.1.553: @(2.315, 86.68)>	54-1	1			2.315277263040233	86.67735720994952	24.670809626770286	53.38561183663049	8206.61328125		5.988404357954721	None		None	1.0		
<PK:54-1.1.554: @(0.761, 86.4)>	554	PK:54-1.1.554	<PK:54-1.1.554: @(0.761, 86.4)>	54-1	1			0.761275844582034	86.39961499584999	29.724159946617362	45.69358872836429	41691.26953125		30.42231570969974	None		None	1.0		
<PK:54-1.1.555: @(2.216, 86.19)>	555	PK:54-1.1.555	<PK:54-1.1.555: @(2.216, 86.19)>	54-1	1			2.2155980572164395	86.19072501411132	32.43152661105756	46.027003558842125	17945.21875		13.09471062959389	None		None	1.0		
<PK:54-1.1.556: @(0.521, 85.92)>	556	PK:54-1.1.556	<PK:54-1.1.556: @(0.521, 85.92)>	54-1	1			0.5213985087696233	85.92132627374815	24.974701376870616	45.284262003888195	53069.7265625		38.72522938889279	None		None	1.0		
<PK:54-1.1.557: @(0.62, 85.56)>	557	PK:54-1.1.557	<PK:54-1.1.557: @(0.62, 85.56)>	54-1	1			0.6203243059471948	85.55603043127466	26.754715527670463	53.075513789655425	44769.453125		32.668480773857546	None		None	1.0		
<PK:54-1.1.558: @(2.363, 85.42)>	558	PK:54-1.1.558	<PK:54-1.1.558: @(2.363, 85.42)>	54-1	1			2.3627790562301083	85.41853223478645	33.08958959025445	40.20241034540202	55391.52734375		40.41945835280742	None		None	1.0		
<PK:54-1.1.559: @(2.25, 85.42)>	559	PK:54-1.1.559	<PK:54-1.1.559: @(2.25, 85.42)>	54-1	1			2.249614264212605	85.42275123272317	33.8034990888375	42.943651454117166	54154.109375		39.51650863375531	None		None	1.0		
<PK:54-1.1.560: @(-0.561, 84.95)>	560	PK:54-1.1.560	<PK:54-1.1.560: @(-0.561, 84.95)>	54-1	1			-0.5613009207020774	84.9459504460369	25.19597406857285	52.1340586142553	30507.92578125		22.2617771106633	None		None	1.0		
<PK:54-1.1.561: @(0.465, 84.92)>	561	PK:54-1.1.561	<PK:54-1.1.561: @(0.465, 84.92)>	54-1	1			0.46473846924599727	84.9150835847434	28.435642329546077	42.77375083656774	81978.796875		59.8203141346706	None		None	1.0		
<PK:54-1.1.562: @(-0.361, 84.83)>	562	PK:54-1.1.562	<PK:54-1.1.562: @(-0.361, 84.83)>	54-1	1			-0.3614684946121951	84.82735172947966	59.264688155589866	54.200441535403044	6072.29296875		4.430980774970986	None		None	1.0		
<PK:54-1.1.563: @(-0.343, 84.83)>	563	PK:54-1.1.563	<PK:54-1.1.563: @(-0.343, 84.83)>	54-1	1			-0.34271793295913255	84.82825277567146	-191.0707602898277	61.026722419356794	6034.013671875		4.403048191776231	None		None	1.0		
<PK:54-1.1.564: @(-0.264, 84.85)>	564	PK:54-1.1.564	<PK:54-1.1.564: @(-0.264, 84.85)>	54-1	1			-0.2636551970707952	84.84736808338492	25.712037220215144	43.815766595395665	53291.62890625		38.88715257411086	None		None	1.0		
<PK:54-1.1.565: @(-0.08, 84.42)>	565	PK:54-1.1.565	<PK:54-1.1.565: @(-0.08, 84.42)>	54-1	1			-0.0797621431171045	84.41512435456617	30.524948110374073	43.27668525834253	41939.90625		30.60374709425296	None		None	1.0		
<PK:54-1.1.566: @(0.715, 83.94)>	566	PK:54-1.1.566	<PK:54-1.1.566: @(0.715, 83.94)>	54-1	1			0.7153554584253126	83.9392187944866	37.651810532387955	43.92865152353823	93294.078125		68.07712814877782	None		None	1.0		
<PK:54-1.1.567: @(-0.242, 83.88)>	567	PK:54-1.1.567	<PK:54-1.1.567: @(-0.242, 83.88)>	54-1	1			-0.24197740248243527	83.87663081718446	30.746498407843738	54.3713570989878	21466.283203125		15.664047942454518	None		None	1.0		
<PK:54-1.1.568: @(0.666, 83.67)>	568	PK:54-1.1.568	<PK:54-1.1.568: @(0.666, 83.67)>	54-1	1			0.6659025947325752	83.67353781304115	36.5002003187934	53.24935617436533	59872.265625		43.68907417735191	None		None	1.0		
<PK:54-1.1.569: @(1.701, 83.53)>	569	PK:54-1.1.569	<PK:54-1.1.569: @(1.701, 83.53)>	54-1	1			1.7008436393197925	83.533416040259	33.071016868910675	63.682030306442414	8662.1787109375		6.320832597348817	None		None	1.0		
<PK:54-1.1.570: @(0.728, 83.12)>	570	PK:54-1.1.570	<PK:54-1.1.570: @(0.728, 83.12)>	54-1	1			0.7283097775108871	83.11763481076521	40.89484289766116	62.903839822354044	22558.9296875		16.46135722759955	None		None	1.0		
<PK:54-1.1.571: @(1.609, 83.01)>	571	PK:54-1.1.571	<PK:54-1.1.571: @(1.609, 83.01)>	54-1	1			1.608806469755141	83.00721532818413	26.123269867056415	56.55132967824948	13365.8369140625		9.753114138661175	None		None	1.0		
<PK:54-1.1.572: @(1.612, 82.65)>	572	PK:54-1.1.572	<PK:54-1.1.572: @(1.612, 82.65)>	54-1	1			1.6123412021561911	82.6473250417025	35.06507700643473	66.52288786273853	8507.541015625		6.207992742858634	None		None	1.0		
<PK:54-1.1.573: @(1.915, 82.83)>	573	PK:54-1.1.573	<PK:54-1.1.573: @(1.915, 82.83)>	54-1	1			1.9152813190224425	82.82674702604619	43.77329829507142	53.93369955527956	33748.953125		24.626770026060754	None		None	1.0		
<PK:54-1.1.574: @(1.524, 82.64)>	574	PK:54-1.1.574	<PK:54-1.1.574: @(1.524, 82.64)>	54-1	1			1.5241621663968932	82.64428711765859	59.50329777521956	57.076633375766484	8161.27392578125		5.955320016756842	None		None	1.0		
<PK:54-1.1.575: @(6.972, 93.0)>	575	PK:54-1.1.575	<PK:54-1.1.575: @(6.972, 93.0)>	54-1	1			6.97165560028828	92.99561120921493	26.1396665173845	75.42720837363454	9089.7138671875		6.632807014215257	None		None	1.0		
<PK:54-1.1.576: @(6.97, 92.61)>	576	PK:54-1.1.576	<PK:54-1.1.576: @(6.97, 92.61)>	54-1	1			6.9697526435280714	92.6130414461893	28.787571817445404	58.38361411617762	14850.5205078125		10.83649474870037	None		None	1.0		
<PK:54-1.1.577: @(6.737, 92.21)>	577	PK:54-1.1.577	<PK:54-1.1.577: @(6.737, 92.21)>	54-1	1			6.737148083692881	92.21284531713408	30.21818179732709	67.24053900756316	11173.5029296875		8.153357706111963	None		None	1.0		
<PK:54-1.1.578: @(6.737, 92.21)>	578	PK:54-1.1.578	<PK:54-1.1.578: @(6.737, 92.21)>	54-1	1			6.737148083692881	92.21284531713408	30.21818179732709	67.24053900756316	11173.5029296875		8.153357706111963	None		None	1.0		
<PK:54-1.1.579: @(6.711, 91.54)>	579	PK:54-1.1.579	<PK:54-1.1.579: @(6.711, 91.54)>	54-1	1			6.710723305422072	91.54257198807524	22.46288111051302	87.317877774822	9092.4873046875		6.6348308046196935	None		None	1.0		
<PK:54-1.1.580: @(6.711, 91.54)>	580	PK:54-1.1.580	<PK:54-1.1.580: @(6.711, 91.54)>	54-1	1			6.710723305422072	91.54257198807524	22.46288111051302	87.317877774822	9092.4873046875		6.6348308046196935	None		None	1.0		
<PK:54-1.1.581: @(6.94, 86.03)>	581	PK:54-1.1.581	<PK:54-1.1.581: @(6.94, 86.03)>	54-1	1			6.940326923621239	86.02811438554637	19.979736325928002	51.14274295040174	9743.267578125		7.109708234804937	None		None	1.0		
<PK:54-1.1.582: @(6.786, 83.01)>	582	PK:54-1.1.582	<PK:54-1.1.582: @(6.786, 83.01)>	54-1	1			6.786001601272904	83.01113764467922	26.891679646303977	55.414273158783935	8942.171875		6.525144927710509	None		None	1.0		
<PK:54-1.1.583: @(4.071, 88.02)>	583	PK:54-1.1.583	<PK:54-1.1.583: @(4.071, 88.02)>	54-1	1			4.071320785724721	88.02399101990241	44.396090416763	70.1804161827085	9983.0908203125		7.284708384006034	None		None	1.0		
<PK:54-1.1.584: @(2.848, 82.15)>	584	PK:54-1.1.584	<PK:54-1.1.584: @(2.848, 82.15)>	54-1	1			2.8481589142703054	82.14768870625652	25.396990494277194	47.511171622391906	9523.7666015625		6.9495373385321235	None		None	1.0		
<PK:54-1.1.585: @(1.314, 94.66)>	585	PK:54-1.1.585	<PK:54-1.1.585: @(1.314, 94.66)>	54-1	1			1.3144693947062294	94.6637326518829	129.6695823279709	56.38884052709762	18043.892578125		13.166713386652015	None		None	1.0		
<PK:54-1.1.586: @(1.467, 94.71)>	586	PK:54-1.1.586	<PK:54-1.1.586: @(1.467, 94.71)>	54-1	1			1.4668096294487327	94.71163478042644	47.23542429602291	51.449135264178025	19705.47265625		14.379176194381506	None		None	1.0		
<PK:54-1.1.587: @(4.133, 83.82)>	587	PK:54-1.1.587	<PK:54-1.1.587: @(4.133, 83.82)>	54-1	1			4.1327214475234815	83.81543891977184	32.77118771504128	46.074908337327145	18130.9765625		13.230258980146813	None		None	1.0		
<PK:54-1.1.588: @(1.391, 99.53)>	588	PK:54-1.1.588	<PK:54-1.1.588: @(1.391, 99.53)>	54-1	1			1.3907285269812562	99.53030731778107	-638.1600904159047	63.365232266868645	7714.85888671875		5.629568860492877	None		None	1.0		
<PK:54-1.1.589: @(1.446, 94.06)>	589	PK:54-1.1.589	<PK:54-1.1.589: @(1.446, 94.06)>	54-1	1			1.4461570070083223	94.05965343034548	25.469311274205985	79.90657997295345	7899.96142578125		5.764639054932637	None		None	1.0		
<PK:54-1.1.590: @(4.263, 92.98)>	590	PK:54-1.1.590	<PK:54-1.1.590: @(4.263, 92.98)>	54-1	1			4.263328934675462	92.97603851900988	18.969067754462714	58.31962868107298	8243.7529296875		6.015505334317793	None		None	1.0		
<PK:54-1.1.696: @(4.246, 90.38)>	696	PK:54-1.1.696	<PK:54-1.1.696: @(4.246, 90.38)>	54-1	1			4.246037972545052	90.38317695536614	29.66098523197261	58.369613930334744	9162.84375		6.686170234087169	None		None	1.0		
<PK:54-1.1.697: @(7.193, 93.89)>	697	PK:54-1.1.697	<PK:54-1.1.697: @(7.193, 93.89)>	54-1	1			7.192849975600016	93.89104718681973	29.598040362963264	78.14176078510826	7688.3583984375		5.610231329397809	None		None	1.0		
