_object	#	Assign F1	Assign F2	Pos F1	Pos F2	LW F1 (Hz)	LW F2 (Hz)	Height	S/N	Volume	ClusterId	Merit	Annotation	Comment
<PK:4-1.1.14931: @(4.163, 45.42)>	14931			4.162604471978742	45.419849348244526	33.510365308477276	48.142771803490476	19697.16015625	11.490839431821378	None	None	1.0		
<PK:4-1.1.14932: @(3.629, 45.42)>	14932			3.629418384103266	45.4204054122614	47.14379648272036	57.4600872705164	17789.15234375	10.377754538660195	None	None	1.0		
<PK:4-1.1.14933: @(4.1, 44.73)>	14933			4.100180161185897	44.726783422843184	31.858551292083153	51.63500875072633	17984.509765625	10.491721260196341	None	None	1.0		
<PK:4-1.1.14934: @(4.121, 44.17)>	14934			4.120667118244244	44.170449379591574	127.59575381492937	47.32213995378949	5848.37548828125	3.411798611563609	None	None	1.0		
<PK:4-1.1.14935: @(4.102, 43.08)>	14935			4.101691249282316	43.075532846334	36.879657552792416	55.18354515990483	25964.533203125	15.147070927614658	None	None	1.0		
<PK:4-1.1.14936: @(4.057, 44.12)>	14936			4.057014592920186	44.122517910014	32.36035207429752	60.058355776836024	17746.587890625	10.352923482178813	None	None	1.0		
<PK:4-1.1.14937: @(3.885, 44.73)>	14937			3.885058913921565	44.73427598770654	31.98362910785731	40.3461972777934	18846.013671875	10.994301478769856	None	None	1.0		
<PK:4-1.1.14938: @(3.781, 43.15)>	14938			3.7809496001506187	43.14692048479284	42.18501719431229	69.71535090681002	35036.546875	20.439460876209683	None	None	1.0		
<PK:4-1.1.14939: @(3.781, 43.15)>	14939			3.7809496001506187	43.14692048479284	42.18501719431229	69.71535090681002	35036.546875	20.439460876209683	None	None	1.0		
<PK:4-1.1.14940: @(3.781, 43.15)>	14940			3.7809496001506187	43.14692048479284	42.18501719431229	69.71535090681002	35036.546875	20.439460876209683	None	None	1.0		
<PK:4-1.1.14941: @(2.426, 42.86)>	14941			2.426246921547442	42.85646663357869	30.256828699165382	54.806324086435446	17004.693359375	9.920120435124584	None	None	1.0		
<PK:4-1.1.14942: @(3.713, 42.71)>	14942			3.712740993095103	42.706297855176246	32.78237552596968	89.02991312029566	28649.365234375	16.713335989571593	None	None	1.0		
<PK:4-1.1.14943: @(3.415, 41.66)>	14943			3.415063835749269	41.655869036287086	31.927830348603187	46.600876173571386	82974.8203125	48.40547213566897	None	None	1.0		
<PK:4-1.1.14944: @(3.456, 41.06)>	14944			3.4563568058018888	41.05781702527773	33.373132539101086	54.74048362963872	17526.17578125	10.224340471350548	None	None	1.0		
<PK:4-1.1.14945: @(3.33, 41.66)>	14945			3.329777582768749	41.66028872311877	29.766612733976917	44.78073273987872	88549.0234375	51.65732532473937	None	None	1.0		
<PK:4-1.1.14946: @(3.184, 40.75)>	14946			3.1836567884419082	40.752447350939484	22.64604270935819	40.727515664437526	764291.5625	445.86892496767825	None	None	1.0		
<PK:4-1.1.14947: @(3.184, 40.75)>	14947			3.1836567884419082	40.752447350939484	22.64604270935819	40.727515664437526	764291.5625	445.86892496767825	None	None	1.0		
<PK:4-1.1.14948: @(3.221, 40.1)>	14948			3.221430018706023	40.1045258029732	28.987134544131038	43.71503145312484	24909.658203125	14.531682762544762	None	None	1.0		
<PK:4-1.1.14949: @(3.104, 40.4)>	14949			3.104205155533103	40.396721810203985	23.658885859335044	49.18720451710015	256460.15625	149.6125559599257	None	None	1.0		
<PK:4-1.1.14950: @(3.115, 39.66)>	14950			3.1148520010444525	39.66195012688953	43.32469931493196	44.99711339240487	217933.140625	127.13684134815841	None	None	1.0		
<PK:4-1.1.14951: @(2.921, 40.42)>	14951			2.9208566589516565	40.42400917658071	39.02050248609898	73.26476296167009	17440.560546875	10.174394646504892	None	None	1.0		
<PK:4-1.1.14952: @(2.91, 39.59)>	14952			2.9102455478245925	39.593257767576574	-201.03588795814727	77.8585722993897	35991.9921875	20.99684420379258	None	None	1.0		
<PK:4-1.1.14953: @(2.721, 40.51)>	14953			2.7211908091495793	40.51002984809205	72.14147645311466	51.79490772602349	54267.08984375	31.658087301934888	None	None	1.0		
<PK:4-1.1.14954: @(2.721, 40.51)>	14954			2.7211908091495793	40.51002984809205	72.14147645311466	51.79490772602349	54267.08984375	31.658087301934888	None	None	1.0		
<PK:4-1.1.14955: @(3.102, 53.09)>	14955			3.1023238365174954	53.09327035754829	14.604120037685579	75.81340311014131	-2331.9248046875	-1.3603876541178992	None	None	1.0		
<PK:4-1.1.14956: @(1.625, 41.06)>	14956			1.624784966039611	41.06346794277191	36.562825791919785	58.038681543067725	49226.91796875	28.717774827193185	None	None	1.0		
<PK:4-1.1.14957: @(1.665, 40.2)>	14957			1.6647721153783461	40.19983509490548	37.499978087651364	62.01635013617897	35067.73828125	20.457657176489942	None	None	1.0		
<PK:4-1.1.14958: @(1.665, 40.2)>	14958			1.6647721153783461	40.19983509490548	37.499978087651364	62.01635013617897	35067.73828125	20.457657176489942	None	None	1.0		
<PK:4-1.1.14959: @(1.43, 41.07)>	14959			1.429849434824762	41.0710909138109	34.20953782132033	48.14697793968344	41016.4765625	23.928004976352003	None	None	1.0		
<PK:4-1.1.14960: @(2.668, 40.5)>	14960			2.6680068755361095	40.49918632283871	35.27837077107944	48.291818846179076	67662.015625	39.47235799540179	None	None	1.0		
<PK:4-1.1.14961: @(2.628, 39.84)>	14961			2.6277776940617628	39.83963742794373	34.32465466455766	81.72976136531516	38586.02734375	22.510140599035136	None	None	1.0		
<PK:4-1.1.14962: @(2.628, 39.84)>	14962			2.6277776940617628	39.83963742794373	34.32465466455766	81.72976136531516	38586.02734375	22.510140599035136	None	None	1.0		
<PK:4-1.1.14963: @(2.592, 38.86)>	14963			2.59247681131124	38.85908940163646	31.04278137190979	47.89840085836855	79479.59375	46.366442809160674	None	None	1.0		
<PK:4-1.1.14964: @(2.592, 38.86)>	14964			2.59247681131124	38.85908940163646	31.04278137190979	47.89840085836855	79479.59375	46.366442809160674	None	None	1.0		
<PK:4-1.1.14965: @(2.835, 40.28)>	14965			2.8349283816844597	40.27548865167848	34.888119747241284	43.542129392533184	125830.3515625	73.40633644568972	None	None	1.0		
<PK:4-1.1.14966: @(2.866, 39.87)>	14966			2.8656202605731806	39.87172099751561	44.27811692062854	43.34661239029271	114175.453125	66.60715496586592	None	None	1.0		
<PK:4-1.1.14967: @(2.866, 39.87)>	14967			2.8656202605731806	39.87172099751561	44.27811692062854	43.34661239029271	114175.453125	66.60715496586592	None	None	1.0		
<PK:4-1.1.14968: @(2.864, 38.53)>	14968			2.863621061394783	38.53395838327663	36.6236035449382	50.64546839212592	21397.998046875	12.483066481086052	None	None	1.0		
<PK:4-1.1.14969: @(2.864, 38.53)>	14969			2.863621061394783	38.53395838327663	36.6236035449382	50.64546839212592	21397.998046875	12.483066481086052	None	None	1.0		
<PK:4-1.1.14970: @(2.828, 37.92)>	14970			2.827945617189574	37.91846507494991	64.73202329988654	78.32434494048354	19606.576171875	11.437994960268586	None	None	1.0		
<PK:4-1.1.14971: @(2.816, 37.16)>	14971			2.815841307557557	37.16035267501702	59.358924866104644	54.143551413131775	19814.76171875	11.559445294844227	None	None	1.0		
<PK:4-1.1.14972: @(1.671, 38.89)>	14972			1.6708799175754852	38.88516091923743	2775.769967299237	54.81121859148791	28521.37890625	16.638671909354624	None	None	1.0		
<PK:4-1.1.14973: @(1.606, 38.84)>	14973			1.606046977872369	38.841104501896226	27.828190165261383	44.6923127721833	87162.796875	50.84863479679243	None	None	1.0		
<PK:4-1.1.14974: @(1.739, 38.84)>	14974			1.7386443759507522	38.839969993343146	31.865139205295257	40.678886959896126	86561.6328125	50.49793044857313	None	None	1.0		
<PK:4-1.1.14975: @(3.05, 40.04)>	14975			3.0495583819617966	40.03509445854837	38.0518016381523	49.532350638638356	119885.125	69.93803729629127	None	None	1.0		
<PK:4-1.1.14976: @(1.434, 39.9)>	14976			1.4344403251018836	39.90195682738347	41.124294511973794	55.27744677079758	19863.134765625	11.587664942248182	None	None	1.0		
<PK:4-1.1.14977: @(1.414, 28.64)>	14977			1.4141945639378104	28.635240146594548	4.261974260234864	20.141080629242495	-1880.6356201171875	-1.0971166284431844	None	None	1.0		
<PK:4-1.1.14978: @(2.287, 39.88)>	14978			2.2865343789839123	39.87521203125718	34.6500444440887	47.95320210573464	40959.27734375	23.894636357065362	None	None	1.0		
<PK:4-1.1.14979: @(3.004, 39.64)>	14979			3.004054399192384	39.64144954600668	26.591241550751178	43.304637074470506	381804.625	222.73544030709817	None	None	1.0		
<PK:4-1.1.14980: @(2.022, 39.37)>	14980			2.022078850035042	39.36503422169879	-238.57277268782602	48.8596674783722	28131.998046875	16.411516680001267	None	None	1.0		
<PK:4-1.1.14981: @(1.865, 38.9)>	14981			1.864568866815464	38.899263264609935	36.17200761651376	51.28085309558587	18291.07421875	10.67056343228711	None	None	1.0		
<PK:4-1.1.14982: @(2.717, 38.85)>	14982			2.7167774260291715	38.84738041238583	29.013593657276523	42.47694438242392	84130.8984375	49.079899718104045	None	None	1.0		
<PK:4-1.1.14983: @(0.218, 38.68)>	14983			0.21838496692738651	38.68274123102637	45.12408616928711	47.49811942810596	18578.9140625	10.838482127183964	None	None	1.0		
<PK:4-1.1.14984: @(2.343, 38.62)>	14984			2.3431118546083667	38.62452801492311	30.02323687840726	43.47145010757704	23913.958984375	13.950816294775507	None	None	1.0		
<PK:4-1.1.14985: @(2.434, 37.96)>	14985			2.4341922296872696	37.96397260085669	32.46400947085553	58.275773999807605	19124.630859375	11.156839902538131	None	None	1.0		
<PK:4-1.1.14986: @(3.004, 37.89)>	14986			3.0038023022949627	37.88707311125776	45.50700601285842	47.73664936099362	37308.9296875	21.765113194560907	None	None	1.0		
<PK:4-1.1.14987: @(2.287, 37.77)>	14987			2.2874566337158555	37.76822658714586	30.78941984149885	45.95160261606391	16590.30859375	9.678378541013066	None	None	1.0		
<PK:4-1.1.14988: @(1.586, 37.41)>	14988			1.586386182456586	37.41212571326895	49.86214499251957	56.73365060078059	30474.033203125	17.777802464889408	None	None	1.0		
<PK:4-1.1.14989: @(3.445, 37.14)>	14989			3.4453970119029513	37.1440010748642	37.29397968317448	44.762668118852616	19872.83203125	11.593322088828737	None	None	1.0		
<PK:4-1.1.14990: @(3.153, 36.97)>	14990			3.1534803926060793	36.974935812238954	33.97182967418274	44.82723813018072	24657.111328125	14.384353118747736	None	None	1.0		
<PK:4-1.1.14991: @(3.579, 36.77)>	14991			3.5793306788396233	36.77262971334536	18.87417881964488	7.942175295244414	-5516.76806640625	-3.218346986611633	None	None	1.0		
<PK:4-1.1.14992: @(2.243, 36.98)>	14992			2.243046932467763	36.978083409484775	38.12077025381412	41.155848125724674	17969.76171875	10.483117611892256	None	None	1.0		
<PK:4-1.1.14993: @(2.675, 36.29)>	14993			2.6752973021786985	36.29040585215567	37.210315871888184	78.35076615700252	50437.296875	29.423880151669067	None	None	1.0		
<PK:4-1.1.14994: @(2.46, 36.32)>	14994			2.4603527258297433	36.31560671972225	27.374059964831016	62.51016874676163	17498.935546875	10.208449187693143	None	None	1.0		
<PK:4-1.1.14995: @(2.46, 36.32)>	14995			2.4603527258297433	36.31560671972225	27.374059964831016	62.51016874676163	17498.935546875	10.208449187693143	None	None	1.0		
<PK:4-1.1.14996: @(2.443, 35.31)>	14996			2.442518341226048	35.306346173833106	39.342301300702886	44.26375760332396	55787.015625	32.54477467016891	None	None	1.0		
<PK:4-1.1.14997: @(2.468, 34.49)>	14997			2.4684896079002066	34.493294784977806	33.94441834340488	42.103630814539336	91824.859375	53.56836754931399	None	None	1.0		
<PK:4-1.1.14998: @(3.2, 35.84)>	14998			3.2002351534899276	35.84292848988922	34.66748286229672	45.258728989764386	16320.904296875	9.521214691347607	None	None	1.0		
<PK:4-1.1.14999: @(2.771, 36.2)>	14999			2.7707374513351386	36.19696292938107	42.41449567369919	66.07564105449809	60739.0546875	35.43367262682381	None	None	1.0		
<PK:4-1.1.15000: @(3.013, 35.99)>	15000			3.0133361553850726	35.98698703406496	47.32181938985976	84.59100196057037	23932.328125	13.961532400231727	None	None	1.0		
<PK:4-1.1.15001: @(1.805, 36.04)>	15001			1.8049683339581915	36.03567246784216	36.612182903366154	45.43045677406631	38183.5390625	22.275338821705525	None	None	1.0		
<PK:4-1.1.15002: @(2.908, 35.81)>	15002			2.908007766006099	35.807936484976636	34.83412393297135	57.13996032009952	33074.98046875	19.295131214965515	None	None	1.0		
<PK:4-1.1.15003: @(2.185, 35.82)>	15003			2.184708944835174	35.81772591042689	30.983714028619755	43.32041388134592	48324.3046875	28.19121240897666	None	None	1.0		
<PK:4-1.1.15004: @(3.288, 35.31)>	15004			3.287714792833661	35.312704985391505	39.48276981902422	40.59077574588033	57213.24609375	33.37680249444273	None	None	1.0		
<PK:4-1.1.15005: @(1.969, 34.85)>	15005			1.968587448401319	34.85369949062458	36.7113687575627	48.31602817158335	17080.12109375	9.964123122696488	None	None	1.0		
<PK:4-1.1.15006: @(3.031, 34.77)>	15006			3.0310427145272154	34.76620472582982	33.6395534806144	43.79057993545479	90222.3984375	52.63353119815929	None	None	1.0		
<PK:4-1.1.15007: @(2.818, 34.75)>	15007			2.8181449732471204	34.75347776281125	30.45185719831627	41.41778766137101	86141.2578125	50.25269399885988	None	None	1.0		
<PK:4-1.1.15008: @(3.131, 34.49)>	15008			3.1312127193515717	34.489428216695316	36.20197112934706	38.58553701201858	89843.2265625	52.41233163953636	None	None	1.0		
<PK:4-1.1.15009: @(2.866, 34.33)>	15009			2.866452947884751	34.32754803224826	45.57104936490449	43.76653764072966	27058.74609375	15.785407851854542	None	None	1.0		
<PK:4-1.1.15010: @(2.733, 34.33)>	15010			2.733178268987597	34.33281478019801	50.55383110466668	47.316121787804605	32900.34375	19.19325244268881	None	None	1.0		
<PK:4-1.1.15011: @(3.583, 34.06)>	15011			3.5826573663422696	34.064667887148616	28.119040414308845	47.97718872356672	21879.849609375	12.764166847369202	None	None	1.0		
<PK:4-1.1.15012: @(2.698, 33.08)>	15012			2.6980720064754387	33.083671016882775	23.82007630494157	47.07039435110661	25404.759765625	14.820512853380277	None	None	1.0		
<PK:4-1.1.15013: @(2.292, 32.92)>	15013			2.2916838934071997	32.91614681287438	41.94566132261961	47.084799481798754	35590.7890625	20.762792155053102	None	None	1.0		
<PK:4-1.1.15014: @(2.254, 32.43)>	15014			2.2538125391818866	32.42749702374323	35.62515708976061	42.94835557432277	76072.4296875	44.37878698215371	None	None	1.0		
<PK:4-1.1.15015: @(2.429, 32.43)>	15015			2.428652444418459	32.427330441182576	32.86991387796702	46.22550256064403	83315.890625	48.60444417858324	None	None	1.0		
<PK:4-1.1.15016: @(2.459, 31.66)>	15016			2.4588597513180037	31.659920231976614	30.57143364388204	38.367870729416595	136415.171875	79.58126063073908	None	None	1.0		
<PK:4-1.1.15017: @(3.055, 32.1)>	15017			3.0545190850374375	32.100404349087725	36.77224800086169	51.48434201660362	26739.43359375	15.599128782335518	None	None	1.0		
<PK:4-1.1.15018: @(2.574, 31.66)>	15018			2.573970103605273	31.65846605206867	31.43285926526933	36.30993634705309	149965.6875	87.48629861743866	None	None	1.0		
<PK:4-1.1.15019: @(2.574, 31.66)>	15019			2.573970103605273	31.65846605206867	31.43285926526933	36.30993634705309	149965.6875	87.48629861743866	None	None	1.0		
<PK:4-1.1.15020: @(3.346, 31.94)>	15020			3.3463056389406045	31.939504476702282	28.763190270043292	50.15149793547131	20327.984375	11.858846786681635	None	None	1.0		
<PK:4-1.1.15021: @(2.68, 31.93)>	15021			2.6797522136412297	31.929506149621638	39.036045424067	52.72747543842894	26056.078125	15.200475986502322	None	None	1.0		
<PK:4-1.1.15022: @(1.898, 31.46)>	15022			1.8975770147453321	31.464465668515835	33.91847265167873	47.11245571303625	38170.51953125	22.267743546961118	None	None	1.0		
<PK:4-1.1.15023: @(1.624, 31.45)>	15023			1.62356215721133	31.452651095577835	46.032821186459906	45.661338726463505	33653.19140625	19.632445273836446	None	None	1.0		
<PK:4-1.1.15024: @(3.399, 31.06)>	15024			3.399102452546451	31.064655766258646	30.96750244880329	40.66256097639383	19299.197265625	11.25867765622936	None	None	1.0		
<PK:4-1.1.15025: @(2.786, 31.09)>	15025			2.785722358515022	31.088807141035687	37.661171518266144	49.1901908231818	22489.732421875	13.119957500187823	None	None	1.0		
<PK:4-1.1.15026: @(-0.072, 30.78)>	15026			-0.07200210723212308	30.779262329207477	33.84437280683176	52.97354199802096	18840.96484375	10.99135611645148	None	None	1.0		
<PK:4-1.1.15027: @(1.737, 30.52)>	15027			1.7365210695981759	30.52027614272219	68.71577352285374	166.6966076616359	4140.93798828125	2.4157215122897306	None	None	1.0		
<PK:4-1.1.15028: @(1.532, 30.28)>	15028			1.5319335214056888	30.27966181993962	28.728988045492187	48.16620165239208	18834.05078125	10.987322622212774	None	None	1.0		
<PK:4-1.1.15029: @(2.39, 29.67)>	15029			2.3898050173579968	29.670473272580743	37.97477947022664	45.16168922671804	35671.83984375	20.81007519005812	None	None	1.0		
<PK:4-1.1.15030: @(1.915, 29.76)>	15030			1.9148467124531656	29.75820148456983	39.16984841896167	56.19404533796982	46024.578125	26.849608418494967	None	None	1.0		
<PK:4-1.1.15031: @(2.254, 29.19)>	15031			2.2540233466632795	29.186959397249765	34.417419766004215	42.0534279723854	49896.6953125	29.10850647840845	None	None	1.0		
<PK:4-1.1.15032: @(1.982, 29.13)>	15032			1.9816595580523995	29.131418425224695	39.703579834447396	66.5219672753111	42638.2734375	24.874121438513246	None	None	1.0		
<PK:4-1.1.15033: @(1.982, 29.13)>	15033			1.9816595580523995	29.131418425224695	39.703579834447396	66.5219672753111	42638.2734375	24.874121438513246	None	None	1.0		
<PK:4-1.1.15034: @(1.982, 29.13)>	15034			1.9816595580523995	29.131418425224695	39.703579834447396	66.5219672753111	42638.2734375	24.874121438513246	None	None	1.0		
<PK:4-1.1.15035: @(1.982, 29.13)>	15035			1.9816595580523995	29.131418425224695	39.703579834447396	66.5219672753111	42638.2734375	24.874121438513246	None	None	1.0		
<PK:4-1.1.15036: @(1.982, 29.13)>	15036			1.9816595580523995	29.131418425224695	39.703579834447396	66.5219672753111	42638.2734375	24.874121438513246	None	None	1.0		
<PK:4-1.1.15037: @(1.978, 27.83)>	15037			1.9775103973288015	27.834725700330452	25.699912116695632	48.83209729324215	48377.6171875	28.22231361201047	None	None	1.0		
<PK:4-1.1.15038: @(1.94, 27.3)>	15038			1.939942748037721	27.29675241863417	36.3755165241085	44.98957676570051	62153.0703125	36.25857461127591	None	None	1.0		
<PK:4-1.1.15039: @(1.8, 28.94)>	15039			1.7997128856769304	28.938485182092514	46.04389855208298	66.70237053185699	56518.55078125	32.971534312296	None	None	1.0		
<PK:4-1.1.15040: @(1.8, 28.94)>	15040			1.7997128856769304	28.938485182092514	46.04389855208298	66.70237053185699	56518.55078125	32.971534312296	None	None	1.0		
<PK:4-1.1.15041: @(1.8, 28.94)>	15041			1.7997128856769304	28.938485182092514	46.04389855208298	66.70237053185699	56518.55078125	32.971534312296	None	None	1.0		
<PK:4-1.1.15042: @(1.8, 28.94)>	15042			1.7997128856769304	28.938485182092514	46.04389855208298	66.70237053185699	56518.55078125	32.971534312296	None	None	1.0		
<PK:4-1.1.15043: @(1.8, 28.94)>	15043			1.7997128856769304	28.938485182092514	46.04389855208298	66.70237053185699	56518.55078125	32.971534312296	None	None	1.0		
<PK:4-1.1.15044: @(2.133, 29.01)>	15044			2.1325159273405863	29.008288360342462	37.2299303611119	70.36108645084109	102155.84375	59.595210083165895	None	None	1.0		
<PK:4-1.1.15045: @(2.133, 29.01)>	15045			2.1325159273405863	29.008288360342462	37.2299303611119	70.36108645084109	102155.84375	59.595210083165895	None	None	1.0		
<PK:4-1.1.15046: @(2.133, 29.01)>	15046			2.1325159273405863	29.008288360342462	37.2299303611119	70.36108645084109	102155.84375	59.595210083165895	None	None	1.0		
<PK:4-1.1.15047: @(2.328, 28.8)>	15047			2.3277728888194424	28.800479674685732	35.71693116846751	43.224679994518326	33991.0859375	19.829564643973278	None	None	1.0		
<PK:4-1.1.15048: @(1.159, 28.73)>	15048			1.1592345553734642	28.728460648797373	36.035861390141285	47.708380683932596	21515.73828125	12.551753241874707	None	None	1.0		
<PK:4-1.1.15049: @(2.089, 27.85)>	15049			2.0889923283194847	27.846032494781483	35.684018467481266	40.92805117935588	44781.4609375	26.124404384858302	None	None	1.0		
<PK:4-1.1.15050: @(1.717, 27.66)>	15050			1.7166972071216282	27.664333542280666	42.44745314980922	43.4047593127774	134061.5625	78.20822273091915	None	None	1.0		
<PK:4-1.1.15051: @(1.717, 27.66)>	15051			1.7166972071216282	27.664333542280666	42.44745314980922	43.4047593127774	134061.5625	78.20822273091915	None	None	1.0		
<PK:4-1.1.15052: @(1.655, 26.98)>	15052			1.6549653340217905	26.982915380682243	38.18348527718807	51.79003852864968	59144.421875	34.50340301151903	None	None	1.0		
<PK:4-1.1.15053: @(1.232, 27.72)>	15053			1.2324172005673741	27.71778854416928	40.618350538305684	50.991216836416186	20332.001953125	11.861190543079662	None	None	1.0		
<PK:4-1.1.15054: @(1.1, 27.72)>	15054			1.0995093628254171	27.71598752914904	30.90951866350872	48.16935498915287	25257.841796875	14.734804519023259	None	None	1.0		
<PK:4-1.1.15055: @(3.242, 27.23)>	15055			3.2415214634776124	27.229458224993493	24.201418571651708	46.911026837061264	18183.03515625	10.607536096889318	None	None	1.0		
<PK:4-1.1.15056: @(2.303, 27.0)>	15056			2.302644314487141	26.999905266197423	38.32498660836458	48.20342924769804	28093.9375	16.389313091800805	None	None	1.0		
<PK:4-1.1.15057: @(2.303, 27.0)>	15057			2.302644314487141	26.999905266197423	38.32498660836458	48.20342924769804	28093.9375	16.389313091800805	None	None	1.0		
<PK:4-1.1.15058: @(1.532, 26.99)>	15058			1.5319099871851982	26.990003157727443	34.56900744006414	49.406611967993804	52731.54296875	30.762286971293754	None	None	1.0		
<PK:4-1.1.15059: @(1.422, 26.94)>	15059			1.421880338605467	26.9378673225576	30.154469781196987	44.26335268046543	24564.5703125	14.330366963232464	None	None	1.0		
<PK:4-1.1.15060: @(1.893, 26.85)>	15060			1.8929484338765104	26.85439410295985	34.07583333169797	49.19595085084436	94019.6875	54.84877636788259	None	None	1.0		
<PK:4-1.1.15061: @(1.836, 26.18)>	15061			1.8360058642439387	26.18052925334868	34.933381427365944	45.810233923080155	78069.6953125	45.543942690769356	None	None	1.0		
<PK:4-1.1.15062: @(1.836, 26.18)>	15062			1.8360058642439387	26.18052925334868	34.933381427365944	45.810233923080155	78069.6953125	45.543942690769356	None	None	1.0		
<PK:4-1.1.15063: @(1.836, 26.18)>	15063			1.8360058642439387	26.18052925334868	34.933381427365944	45.810233923080155	78069.6953125	45.543942690769356	None	None	1.0		
<PK:4-1.1.15064: @(0.391, 26.84)>	15064			0.3905887706770752	26.839259711029406	26.304907619188953	46.791154486329646	15569.388671875	9.082798934513757	None	None	1.0		
<PK:4-1.1.15065: @(2.369, 26.58)>	15065			2.3686092263032794	26.579979733024878	39.875232733977086	47.186698319147446	35280.87890625	20.581998181936655	None	None	1.0		
<PK:4-1.1.15066: @(0.996, 25.94)>	15066			0.9963601735726861	25.939311940465956	38.61568462199119	51.92698343940401	32676.84375	19.062868032314956	None	None	1.0		
<PK:4-1.1.15067: @(0.997, 24.87)>	15067			0.9968629786095917	24.867039357084913	20.00122987784633	45.43348863396954	254156.703125	148.26877798441365	None	None	1.0		
<PK:4-1.1.15068: @(0.996, 25.94)>	15068			0.9963601735726861	25.939311940465956	38.61568462199119	51.92698343940401	32676.84375	19.062868032314956	None	None	1.0		
<PK:4-1.1.15069: @(1.035, 26.73)>	15069			1.034891441676141	26.72572049169137	35.89283471974801	95.5159573451332	13280.8818359375	7.747740256928741	None	None	1.0		
<PK:4-1.1.15070: @(1.035, 26.73)>	15070			1.034891441676141	26.72572049169137	35.89283471974801	95.5159573451332	13280.8818359375	7.747740256928741	None	None	1.0		
<PK:4-1.1.15071: @(0.969, 24.48)>	15071			0.9692190500663518	24.48477054559686	20.694954750629538	42.83756361869365	348934.8125	203.55999904574819	None	None	1.0		
<PK:4-1.1.15072: @(1.212, 24.29)>	15072			1.211616787403484	24.288350573637402	38.01728598773474	46.66143744860005	39511.01953125	23.0497583214853	None	None	1.0		
<PK:4-1.1.15073: @(1.212, 24.29)>	15073			1.211616787403484	24.288350573637402	38.01728598773474	46.66143744860005	39511.01953125	23.0497583214853	None	None	1.0		
<PK:4-1.1.15074: @(1.179, 25.18)>	15074			1.1787717811987868	25.18400835864655	35.80988731044219	46.54528026509542	48616.00390625	28.361382568454214	None	None	1.0		
<PK:4-1.1.15075: @(1.212, 24.29)>	15075			1.211616787403484	24.288350573637402	38.01728598773474	46.66143744860005	39511.01953125	23.0497583214853	None	None	1.0		
<PK:4-1.1.15076: @(1.159, 24.72)>	15076			1.1588324576861737	24.71606769957951	42.578497997079076	51.42768824715975	38215.30859375	22.293872385910827	None	None	1.0		
<PK:4-1.1.15077: @(1.07, 23.35)>	15077			1.070051955345054	23.35248209472138	40.236493357672074	53.915200228600376	40546.0234375	23.653554178536954	None	None	1.0		
<PK:4-1.1.15078: @(1.07, 23.35)>	15078			1.070051955345054	23.35248209472138	40.236493357672074	53.915200228600376	40546.0234375	23.653554178536954	None	None	1.0		
<PK:4-1.1.15079: @(1.04, 23.97)>	15079			1.039999144032567	23.97200555807369	37.86359388285717	60.15423644819983	30979.66796875	18.07277736771061	None	None	1.0		
<PK:4-1.1.15080: @(0.999, 23.13)>	15080			0.998512599043254	23.126455414579212	18.06456697149534	43.66949787768331	340588.46875	198.69094710560825	None	None	1.0		
<PK:4-1.1.15081: @(3.69, 26.2)>	15081			3.690376898227834	26.200450055423637	31.43076080446819	47.021084870009304	20038.712890625	11.690092907808237	None	None	1.0		
<PK:4-1.1.15082: @(2.531, 26.21)>	15082			2.5307519417326017	26.210829153432172	34.34298560023302	52.40071281466793	17892.06640625	10.437792074938677	None	None	1.0		
<PK:4-1.1.15083: @(3.48, 26.07)>	15083			3.4802359161132834	26.066079381000755	32.844048781463684	57.22592038142938	19893.013671875	11.605095562266177	None	None	1.0		
<PK:4-1.1.15084: @(0.519, 25.95)>	15084			0.5189656139276924	25.94516254556344	19.96515008310474	38.40213732631957	275749.65625	160.8655764695745	None	None	1.0		
<PK:4-1.1.15085: @(2.758, 25.8)>	15085			2.7580689923909762	25.79596992535795	25.533175525756942	48.346883293403216	18848.568359375	10.995791820708902	None	None	1.0		
<PK:4-1.1.15086: @(3.325, 25.5)>	15086			3.32501775680862	25.500503039212994	31.989972250392753	49.704336561262586	15645.77734375	9.12736220942053	None	None	1.0		
<PK:4-1.1.15087: @(2.23, 25.37)>	15087			2.230203728949876	25.36889559109199	35.50912683399818	42.48429879384195	69088.609375	40.30459774903391	None	None	1.0		
<PK:4-1.1.15088: @(2.143, 25.37)>	15088			2.14294473785613	25.3698020147124	31.812158293830993	43.89232692673153	76010.15625	44.34245818828172	None	None	1.0		
<PK:4-1.1.15089: @(1.713, 25.19)>	15089			1.713357557878254	25.18852084029742	44.11193852623297	189.30512116007176	69891.328125	40.772884151337216	None	None	1.0		
<PK:4-1.1.15090: @(1.713, 25.19)>	15090			1.713357557878254	25.18852084029742	44.11193852623297	189.30512116007176	69891.328125	40.772884151337216	None	None	1.0		
<PK:4-1.1.15091: @(1.496, 23.95)>	15091			1.4960845720558815	23.947827397163273	45.78671919611777	218.03769809396363	44769.4140625	26.11737653387968	None	None	1.0		
<PK:4-1.1.15092: @(1.496, 23.95)>	15092			1.4960845720558815	23.947827397163273	45.78671919611777	218.03769809396363	44769.4140625	26.11737653387968	None	None	1.0		
<PK:4-1.1.15093: @(1.547, 25.27)>	15093			1.5473768829658407	25.265949431555292	33.40743028391625	46.990280363546745	98731.8515625	57.59773714136778	None	None	1.0		
<PK:4-1.1.15094: @(1.548, 24.47)>	15094			1.5479972993736784	24.466804275310295	34.98722799122328	44.66868552338816	161158.953125	94.01617485311465	None	None	1.0		
<PK:4-1.1.15095: @(-0.059, 24.38)>	15095			-0.058613554899297426	24.376558091259284	7.522167811074688	16.675864690509822	2827.896728515625	1.649725492374353	None	None	1.0		
<PK:4-1.1.15096: @(-0.501, 25.05)>	15096			-0.5013381908156056	25.049043908150594	6.629542883437785	31.124081705575392	2009.043212890625	1.1720264641089158	None	None	1.0		
<PK:4-1.1.15097: @(1.636, 24.42)>	15097			1.6355254556478531	24.42130472985866	44.81816461357543	82.57570089367418	124195.0	72.45231251177238	None	None	1.0		
<PK:4-1.1.15098: @(1.636, 24.42)>	15098			1.6355254556478531	24.42130472985866	44.81816461357543	82.57570089367418	124195.0	72.45231251177238	None	None	1.0		
<PK:4-1.1.15099: @(1.636, 24.42)>	15099			1.6355254556478531	24.42130472985866	44.81816461357543	82.57570089367418	124195.0	72.45231251177238	None	None	1.0		
<PK:4-1.1.15100: @(1.375, 25.21)>	15100			1.3749524458990443	25.207235234198144	34.4408580507987	47.016488995565005	41742.67578125	24.35165176360334	None	None	1.0		
<PK:4-1.1.15101: @(1.437, 23.95)>	15101			1.4365640047764838	23.946241678207514	43.01327340400365	86.83850097915398	61474.484375	35.86270424282433	None	None	1.0		
<PK:4-1.1.15102: @(1.521, 22.85)>	15102			1.5205575481126576	22.853477249646893	44.931675522373205	46.76977455939934	85430.6484375	49.838141943533216	None	None	1.0		
<PK:4-1.1.15103: @(1.471, 22.8)>	15103			1.4708136276359127	22.80397018143838	-38.401014768542325	43.222554149511055	100555.5390625	58.6616316352992	None	None	1.0		
<PK:4-1.1.15104: @(2.081, 24.93)>	15104			2.0811508783671684	24.931257097852807	31.656391608218303	59.8204079205575	72748.359375	42.439606007940945	None	None	1.0		
<PK:4-1.1.15105: @(2.081, 24.93)>	15105			2.0811508783671684	24.931257097852807	31.656391608218303	59.8204079205575	72748.359375	42.439606007940945	None	None	1.0		
<PK:4-1.1.15106: @(1.667, 22.87)>	15106			1.6670425703405147	22.870457895960058	38.333822232790425	44.61426895273767	73700.3125	42.99495207911175	None	None	1.0		
<PK:4-1.1.15107: @(1.978, 24.91)>	15107			1.9784189735417286	24.908706471469145	-34.474531928889206	67.05460786495517	61080.9765625	35.63314145038442	None	None	1.0		
<PK:4-1.1.15108: @(1.79, 24.85)>	15108			1.7897769796981748	24.8514988178897	35.83371066130119	59.004528852908486	51157.87890625	29.844250009702748	None	None	1.0		
<PK:4-1.1.15109: @(0.618, 24.59)>	15109			0.6178764334255966	24.58605948935564	31.760935552227142	42.6828881482715	34676.82421875	20.229607514092127	None	None	1.0		
<PK:4-1.1.15110: @(0.581, 24.1)>	15110			0.5806856601857593	24.103228156926946	-130.74404201828497	53.29083448842814	20743.015625	12.100965823898525	None	None	1.0		
<PK:4-1.1.15111: @(0.581, 24.1)>	15111			0.5806856601857593	24.103228156926946	-130.74404201828497	53.29083448842814	20743.015625	12.100965823898525	None	None	1.0		
<PK:4-1.1.15112: @(0.508, 23.46)>	15112			0.507691811406616	23.457381451774793	7.022234897773989	17.286636411090903	8067.68359375	4.706488449458302	None	None	1.0		
<PK:4-1.1.15113: @(0.479, 22.69)>	15113			0.47889973844020695	22.692870942206255	20.059733054576743	36.67770247177584	355333.65625	207.29292732054992	None	None	1.0		
<PK:4-1.1.15114: @(0.469, 22.33)>	15114			0.4691301399573984	22.331044532320767	22.35187462363866	41.74796176021512	250832.96875	146.32979298788706	None	None	1.0		
<PK:4-1.1.15115: @(0.817, 23.97)>	15115			0.8171445907402859	23.96889657918181	17.03768831271771	35.40603717303145	570145.6875	332.60899012028915	None	None	1.0		
<PK:4-1.1.15116: @(0.817, 23.97)>	15116			0.8171445907402859	23.96889657918181	17.03768831271771	35.40603717303145	570145.6875	332.60899012028915	None	None	1.0		
<PK:4-1.1.15117: @(0.614, 21.64)>	15117			0.6142496248801628	21.64488066845157	38.11245700583238	45.734204594855704	48165.953125	28.0988339968588	None	None	1.0		
<PK:4-1.1.15118: @(0.32, 21.65)>	15118			0.3195095113724573	21.652975166067705	34.872266368415055	49.49071444571016	23343.794921875	13.618196585131546	None	None	1.0		
<PK:4-1.1.15119: @(1.127, 21.58)>	15119			1.1269475013352857	21.581976555916214	21.22709664922109	45.132985257584096	231913.796875	135.29281281033212	None	None	1.0		
<PK:4-1.1.15120: @(1.127, 21.58)>	15120			1.1269475013352857	21.581976555916214	21.22709664922109	45.132985257584096	231913.796875	135.29281281033212	None	None	1.0		
<PK:4-1.1.15121: @(0.701, 20.81)>	15121			0.7008369797841656	20.805107191263495	17.272911440485537	37.099495428897754	544313.3125	317.5390170422965	None	None	1.0		
<PK:4-1.1.15122: @(0.689, 19.98)>	15122			0.689314559726947	19.977367006869393	18.960721671390196	42.24254213192539	271078.96875	158.14081210390094	None	None	1.0		
<PK:4-1.1.15123: @(-0.13, 21.12)>	15123			-0.13048221109340297	21.12270966977445	21.17904846389321	36.66800203854622	252348.421875	147.2138711183226	None	None	1.0		
<PK:4-1.1.15124: @(0.763, 20.93)>	15124			0.7625955678081517	20.927314368116278	35.96724799046144	65.96649409798174	19085.5703125	11.134052938899755	None	None	1.0		
<PK:4-1.1.15125: @(0.966, 20.87)>	15125			0.9664507477837763	20.870740115961333	21.09674880137807	39.260672486346685	260229.28125	151.81137090735461	None	None	1.0		
<PK:4-1.1.15126: @(0.832, 20.31)>	15126			0.8319280085565328	20.311658731793322	18.372951159014885	43.04673664433799	270575.09375	157.84686380512184	None	None	1.0		
<PK:4-1.1.15127: @(0.838, 20.0)>	15127			0.8375423238345245	20.00279417194809	19.210569847088564	15.93584032810252	34412.01953125	20.07512696356004	None	None	1.0		
<PK:4-1.1.15128: @(0.838, 20.0)>	15128			0.8375423238345245	20.00279417194809	19.210569847088564	15.93584032810252	34412.01953125	20.07512696356004	None	None	1.0		
<PK:4-1.1.15129: @(0.83, 19.79)>	15129			0.8297131935090523	19.791611490833674	8.862334279677793	6.113097618293501	-30832.8125	-17.987105494318463	None	None	1.0		
<PK:4-1.1.15130: @(0.823, 19.58)>	15130			0.822508272543196	19.580470398715818	18.030115498755194	39.98782283262065	345548.21875	201.58434343380395	None	None	1.0		
<PK:4-1.1.15131: @(0.923, 18.45)>	15131			0.9230921272322092	18.45181791369641	17.855249237842255	40.203413885572665	396590.375	231.36108368824023	None	None	1.0		
<PK:4-1.1.15132: @(0.914, 18.1)>	15132			0.9137637953836109	18.099231511427774	18.180461409382303	38.85539532031701	411448.1875	240.028766561877	None	None	1.0		
<PK:4-1.1.15133: @(0.923, 18.45)>	15133			0.9230921272322092	18.45181791369641	17.855249237842255	40.203413885572665	396590.375	231.36108368824023	None	None	1.0		
<PK:4-1.1.15134: @(1.614, 20.61)>	15134			1.6136199346239017	20.61308258714621	19.661853842150677	40.36096683905823	244230.96875	142.47834834677653	None	None	1.0		
<PK:4-1.1.15135: @(0.445, 20.0)>	15135			0.445366595212235	19.995427431421767	20.28731456121952	39.30897725260127	262965.0625	153.40735849211123	None	None	1.0		
<PK:4-1.1.15136: @(0.445, 20.0)>	15136			0.445366595212235	19.995427431421767	20.28731456121952	39.30897725260127	262965.0625	153.40735849211123	None	None	1.0		
<PK:4-1.1.15137: @(-0.54, 20.35)>	15137			-0.5401747467386837	20.349083567129597	25.23542095262267	41.422831481727556	17833.5703125	10.403666890630992	None	None	1.0		
<PK:4-1.1.15138: @(1.033, 20.21)>	15138			1.0328149797713344	20.214405714414525	18.703375154962878	208.84922908052147	15835.4326171875	9.238002437614897	None	None	1.0		
<PK:4-1.1.15139: @(1.032, 19.86)>	15139			1.0319931635971464	19.856651017082505	19.339347580591042	43.0442564918295	455923.96875	265.97484492517845	None	None	1.0		
<PK:4-1.1.15140: @(1.022, 18.81)>	15140			1.0220875415011044	18.81112018366032	17.236779408099533	41.19459418175012	454175.40625	264.9547765110204	None	None	1.0		
<PK:4-1.1.15141: @(1.022, 18.81)>	15141			1.0220875415011044	18.81112018366032	17.236779408099533	41.19459418175012	454175.40625	264.9547765110204	None	None	1.0		
<PK:4-1.1.15142: @(1.014, 18.52)>	15142			1.0136977561576472	18.524515404147188	5.04598928949771	7.726252079010007	-23709.853515625	-13.831746177562762	None	None	1.0		
<PK:4-1.1.15143: @(1.017, 18.43)>	15143			1.0165488761983728	18.428206415451506	22.28636563254087	9.670383524676053	55842.4609375	32.5771201036289	None	None	1.0		
<PK:4-1.1.15144: @(1.076, 17.57)>	15144			1.0763307987614237	17.57419333913232	4.405919940043711	11.877890716752276	611.47265625	0.3567181286124929	None	None	1.0		
<PK:4-1.1.15145: @(0.973, 14.56)>	15145			0.973388086454591	14.564865937562736	23.89180306822822	42.475091860346154	230774.59375	134.62822968841186	None	None	1.0		
<PK:4-1.1.15146: @(0.973, 14.56)>	15146			0.973388086454591	14.564865937562736	23.89180306822822	42.475091860346154	230774.59375	134.62822968841186	None	None	1.0		
<PK:4-1.1.15147: @(1.29, 16.34)>	15147			1.2896708519774034	16.33952924315107	27.1582558082464	159.4620837789514	218274.53125	127.33600025351765	None	None	1.0		
<PK:4-1.1.15148: @(1.29, 16.34)>	15148			1.2896708519774034	16.33952924315107	27.1582558082464	159.4620837789514	218274.53125	127.33600025351765	None	None	1.0		
<PK:4-1.1.15149: @(1.29, 16.34)>	15149			1.2896708519774034	16.33952924315107	27.1582558082464	159.4620837789514	218274.53125	127.33600025351765	None	None	1.0		
<PK:4-1.1.15150: @(1.29, 16.34)>	15150			1.2896708519774034	16.33952924315107	27.1582558082464	159.4620837789514	218274.53125	127.33600025351765	None	None	1.0		
<PK:4-1.1.15151: @(1.318, 15.08)>	15151			1.3176801881192617	15.080654208490941	19.624106920300356	39.214612511189074	348193.71875	203.12766315480636	None	None	1.0		
<PK:4-1.1.15152: @(1.032, 16.74)>	15152			1.03241867604188	16.7372564731886	21.056587007851903	47.42781975832968	173963.015625	101.48575042113482	None	None	1.0		
<PK:4-1.1.15153: @(1.053, 15.94)>	15153			1.0533420764138697	15.935096089518538	18.01279648087725	38.457576327187844	378936.59375	221.0623013206774	None	None	1.0		
<PK:4-1.1.15154: @(1.135, 15.79)>	15154			1.1350399580847075	15.785140668710397	18.259101451780523	37.99211243977364	480141.65625	280.1028489757638	None	None	1.0		
<PK:4-1.1.15155: @(1.135, 15.79)>	15155			1.1350399580847075	15.785140668710397	18.259101451780523	37.99211243977364	480141.65625	280.1028489757638	None	None	1.0		
<PK:4-1.1.15156: @(1.312, 19.8)>	15156			1.3119162901720678	19.79792905955091	20.663352468265906	61.5188467275837	22690.8203125	13.237267236440456	None	None	1.0		
<PK:4-1.1.15157: @(1.315, 19.45)>	15157			1.314667076185204	19.445662183881247	15.879970772239616	41.95902273868735	644833.375	376.17995252241155	None	None	1.0		
<PK:4-1.1.15158: @(1.315, 19.45)>	15158			1.314667076185204	19.445662183881247	15.879970772239616	41.95902273868735	644833.375	376.17995252241155	None	None	1.0		
<PK:4-1.1.15159: @(1.232, 19.81)>	15159			1.231684907014916	19.812458755779197	20.530197220161906	41.867484864981265	285086.65625	166.31255293338077	None	None	1.0		
<PK:4-1.1.15160: @(1.084, 19.78)>	15160			1.0843472919450843	19.784726925883007	19.714757143400387	52.2623101816229	666423.25	388.7749553050526	None	None	1.0		
<PK:4-1.1.15161: @(1.122, 18.58)>	15161			1.1215983342927274	18.581703194701042	18.268351992353384	42.52863784685081	399146.28125	232.852136616102	None	None	1.0		
<PK:4-1.1.15162: @(1.122, 18.58)>	15162			1.1215983342927274	18.581703194701042	18.268351992353384	42.52863784685081	399146.28125	232.852136616102	None	None	1.0		
<PK:4-1.1.15163: @(0.903, 19.74)>	15163			0.9032600964697419	19.744748999447168	19.44223783002829	42.12104249745606	280809.34375	163.81727388059676	None	None	1.0		
<PK:4-1.1.15164: @(-0.1, 19.84)>	15164			-0.09976584227980467	19.83514180233348	19.461232930039717	39.03341206276545	270509.78125	157.80876209683305	None	None	1.0		
<PK:4-1.1.15165: @(0.576, 19.47)>	15165			0.5763425213376809	19.46700536991824	19.715560110620167	40.04460567122567	246629.4375	143.87755610413166	None	None	1.0		
<PK:4-1.1.15166: @(0.247, 18.59)>	15166			0.24679012894650398	18.586712579265942	21.783387264571093	38.53951499837895	265232.0625	154.72987060986304	None	None	1.0		
<PK:4-1.1.15167: @(0.272, 17.59)>	15167			0.27237170715750203	17.594974368817596	18.864535750486883	39.5908389928872	244837.25	142.83203793649454	None	None	1.0		
<PK:4-1.1.15168: @(0.349, 17.97)>	15168			0.34884762006633174	17.96715976193665	18.79100156470366	48.102618640531645	28429.08203125	16.584828179483374	None	None	1.0		
<PK:4-1.1.15169: @(0.349, 17.97)>	15169			0.34884762006633174	17.96715976193665	18.79100156470366	48.102618640531645	28429.08203125	16.584828179483374	None	None	1.0		
<PK:4-1.1.15170: @(-0.723, 18.22)>	15170			-0.7232917239327588	18.21881465420745	19.805970040555916	38.321972723402396	240889.5	140.52901755146817	None	None	1.0		
<PK:4-1.1.15171: @(0.871, 17.3)>	15171			0.8709804491405517	17.295521962811023	20.24156184723741	44.545168866929785	211498.203125	123.38285686614446	None	None	1.0		
<PK:4-1.1.15172: @(0.842, 16.84)>	15172			0.8418143075045315	16.842616002922405	20.928397320975062	42.049945635802054	288107.625	168.07491190083758	None	None	1.0		
<PK:4-1.1.15173: @(1.544, 16.59)>	15173			1.5437365153644382	16.591123388297966	22.332072078895074	63.01006120022222	10145.7470703125	5.918779640111762	None	None	1.0		
<PK:4-1.1.15174: @(1.54, 16.29)>	15174			1.539705115340583	16.2874386473437	21.06792556169702	41.73462208279447	292679.96875	170.74230493828875	None	None	1.0		
<PK:4-1.1.15175: @(1.471, 15.58)>	15175			1.4709127371672572	15.578012159511829	26.976749396476947	49.75826722448285	382795.03125	223.31321898690504	None	None	1.0		
<PK:4-1.1.15176: @(1.471, 15.58)>	15176			1.4709127371672572	15.578012159511829	26.976749396476947	49.75826722448285	382795.03125	223.31321898690504	None	None	1.0		
<PK:4-1.1.15177: @(0.789, 16.58)>	15177			0.7893509003332717	16.584663700765482	19.13648343477873	41.85901944647015	276285.71875	161.17830216526147	None	None	1.0		
<PK:4-1.1.15178: @(3.692, 16.18)>	15178			3.691900574742956	16.184321952781183	22.803131753626506	41.18639955540065	72677.75	42.39841423287946	None	None	1.0		
<PK:4-1.1.15179: @(1.62, 15.8)>	15179			1.619902332065955	15.801018904515637	15.604548538342476	38.202895033780635	382683.375	223.2480814731654	None	None	1.0		
<PK:4-1.1.15180: @(1.62, 15.8)>	15180			1.619902332065955	15.801018904515637	15.604548538342476	38.202895033780635	382683.375	223.2480814731654	None	None	1.0		
<PK:4-1.1.15181: @(0.577, 15.8)>	15181			0.5765106954437549	15.801822110892786	19.2572658236783	39.99531137473556	236540.015625	137.99163519950093	None	None	1.0		
<PK:4-1.1.15182: @(0.637, 15.66)>	15182			0.636895249353346	15.656598244040602	25.750436366368522	52.04122736240209	63615.90234375	37.111954888101515	None	None	1.0		
<PK:4-1.1.15183: @(4.278, 15.39)>	15183			4.277672161024929	15.392907843581355	32.23564439954661	45.90526931797679	36839.484375	21.49125032980438	None	None	1.0		
<PK:4-1.1.15184: @(3.737, 15.26)>	15184			3.7372646662829503	15.264940917980091	37.803383281406624	43.40047725354846	24123.1640625	14.072861398840583	None	None	1.0		
<PK:4-1.1.15185: @(0.743, 14.29)>	15185			0.7433043910634343	14.28913590022529	20.019686183868277	41.36219934519865	255345.078125	148.9620467704451	None	None	1.0		
<PK:4-1.1.15186: @(0.836, 13.83)>	15186			0.8363250401722215	13.834179366162168	20.672098542444186	42.800746007781946	242685.53125	141.57677806844478	None	None	1.0		
<PK:4-1.1.15187: @(0.677, 13.09)>	15187			0.6767916217083467	13.091203800128653	22.689634277365876	35.742512883861416	303580.40625	177.10135243830922	None	None	1.0		
<PK:4-1.1.15188: @(-0.318, 13.15)>	15188			-0.31847834289985677	13.154401200684497	20.94417159708261	53.982098546365016	138636.59375	80.87718358985973	None	None	1.0		
<PK:4-1.1.15189: @(0.02, 13.04)>	15189			0.01988280667762332	13.044171428264697	21.0554094220965	38.96107006332147	17551.6015625	10.239173247621581	None	None	1.0		
<PK:4-1.1.15190: @(-0.05, 12.96)>	15190			-0.049591496440468674	12.961006954098984	18.105819785537598	41.88121681142111	224394.75	130.9063855469305	None	None	1.0		
<PK:4-1.1.15191: @(0.159, 12.57)>	15191			0.15898199608604102	12.566826973438204	21.81344629766846	38.836781522664026	248643.859375	145.05272034760404	None	None	1.0		
<PK:4-1.1.15192: @(4.341, 12.04)>	15192			4.34127652780769	12.04047595333327	22.906836910316542	36.20853607097396	89625.84375	52.28551584609912	None	None	1.0		
<PK:4-1.1.15193: @(3.02, 12.12)>	15193			3.0199718050605906	12.122225545668286	28.666246157043975	39.44778733927269	48278.13671875	28.164279149989515	None	None	1.0		
<PK:4-1.1.15194: @(0.921, 12.01)>	15194			0.9206411038727165	12.007986966569803	20.31137372773042	36.89286076342281	445777.25	260.0554984310035	None	None	1.0		
<PK:4-1.1.15195: @(0.928, 11.18)>	15195			0.9284665308436946	11.17612775962116	23.831055165292323	54.323392839211465	146464.09375	85.44355483013427	None	None	1.0		
<PK:4-1.1.15196: @(0.921, 12.01)>	15196			0.9206411038727165	12.007986966569803	20.31137372773042	36.89286076342281	445777.25	260.0554984310035	None	None	1.0		
<PK:4-1.1.15197: @(0.921, 12.01)>	15197			0.9206411038727165	12.007986966569803	20.31137372773042	36.89286076342281	445777.25	260.0554984310035	None	None	1.0		
<PK:4-1.1.15198: @(-0.046, 11.87)>	15198			-0.04640102667850954	11.86705051742831	25.23253444964301	48.36073671670062	101918.3828125	59.45668120476428	None	None	1.0		
<PK:4-1.1.15199: @(4.022, 11.59)>	15199			4.0223214336286315	11.58727061308931	34.10219990958765	44.2299566677083	34519.88671875	20.138054031304446	None	None	1.0		
<PK:4-1.1.15200: @(4.457, 10.71)>	15200			4.457059860243994	10.714079017723847	36.75489913290122	50.91776382987912	18779.5234375	10.955512709174313	None	None	1.0		
<PK:4-1.1.15201: @(3.089, 10.18)>	15201			3.0889347913995966	10.180428927324272	32.96426700380363	46.46884095247671	45210.5234375	26.374708908688426	None	None	1.0		
<PK:4-1.1.15202: @(3.596, 63.74)>	15202			3.595637743305229	63.74476227106754	26.29671974155379	41.33866826558241	60767.765625	35.450421882560796	None	None	1.0		
<PK:4-1.1.15203: @(4.399, 62.63)>	15203			4.398631364419527	62.62702969206149	35.72308028546658	61.48967203562672	16535.884765625	9.646629016447669	None	None	1.0		
<PK:4-1.1.15204: @(2.767, 62.66)>	15204			2.767336741541264	62.65757232889121	31.40431064634746	44.84376910588014	26704.017578125	15.5784679487111	None	None	1.0		
<PK:4-1.1.15205: @(4.078, 62.02)>	15205			4.078208427767493	62.020227753941285	21.368374104778702	47.930490994906926	63224.84765625	36.883823188532745	None	None	1.0		
<PK:4-1.1.15206: @(4.068, 60.99)>	15206			4.067769836214879	60.991043611559135	33.63647892211487	47.27692525509905	60222.734375	35.132464038415044	None	None	1.0		
<PK:4-1.1.15207: @(4.023, 61.81)>	15207			4.023275465531391	61.80594075129841	25.523551859152583	50.66582588883844	43358.53125	25.294302155291664	None	None	1.0		
<PK:4-1.1.15208: @(4.326, 61.55)>	15208			4.32605432221548	61.55091606778447	27.166392940741275	42.07573669112245	70105.4296875	40.8977857441188	None	None	1.0		
<PK:4-1.1.15209: @(4.125, 61.63)>	15209			4.125461752750036	61.62565383586036	28.520968790428714	46.06749153817476	70279.1640625	40.9991381112152	None	None	1.0		
<PK:4-1.1.15210: @(4.151, 60.91)>	15210			4.15132530855338	60.91438552443475	38.59696563524307	83.34743830820786	27942.94140625	16.30122567948604	None	None	1.0		
<PK:4-1.1.15211: @(4.181, 61.49)>	15211			4.180650082184501	61.492344561972395	43.6851987615227	68.9236710414938	27591.3828125	16.096135030904584	None	None	1.0		
<PK:4-1.1.15212: @(4.211, 61.39)>	15212			4.211458855665866	61.38737635146525	38.42847982946873	52.097547070487664	34686.91015625	20.235491402297967	None	None	1.0		
<PK:4-1.1.15213: @(3.741, 61.36)>	15213			3.741399342111956	61.364341107537	30.2051044761752	53.047784604132154	42961.7890625	25.062852507919757	None	None	1.0		
<PK:4-1.1.15214: @(3.883, 60.41)>	15214			3.882717572573183	60.40789455928088	28.219948618266784	47.84127130456591	70943.2265625	41.3865358629552	None	None	1.0		
<PK:4-1.1.15215: @(3.838, 61.63)>	15215			3.8379587554996686	61.62635508374111	28.95360693144488	52.48887464404104	62304.27734375	36.34678507934711	None	None	1.0		
<PK:4-1.1.15216: @(3.838, 61.63)>	15216			3.8379587554996686	61.62635508374111	28.95360693144488	52.48887464404104	62304.27734375	36.34678507934711	None	None	1.0		
<PK:4-1.1.15217: @(4.282, 60.68)>	15217			4.281771430993032	60.67610209875442	26.614823115941764	45.7093170236634	46600.91015625	27.1858263696095	None	None	1.0		
<PK:4-1.1.15218: @(3.45, 60.56)>	15218			3.4496333657188387	60.56075655248435	36.247256689537735	52.96086791254902	25156.677734375	14.675787889761127	None	None	1.0		
<PK:4-1.1.15219: @(3.834, 60.41)>	15219			3.834096216494414	60.408675662063	28.462292483219688	43.509006702705555	66452.0	38.76646460028421	None	None	1.0		
<PK:4-1.1.15220: @(4.001, 59.98)>	15220			4.001399944665414	59.98424527524561	38.085514321350075	58.06704132777191	17624.880859375	10.28192258952609	None	None	1.0		
<PK:4-1.1.15221: @(3.882, 59.06)>	15221			3.8820683954364963	59.058504497413445	30.155681694547287	50.203955691793674	38224.69921875	22.29935064588249	None	None	1.0		
<PK:4-1.1.15222: @(3.842, 59.07)>	15222			3.842165288352154	59.07001697110287	31.40518823877354	49.06142029263401	32625.400390625	19.03285724001178	None	None	1.0		
<PK:4-1.1.15223: @(3.691, 59.09)>	15223			3.691177106523181	59.086499430580204	39.441015523595624	51.3420976779383	25884.806640625	15.100560409302815	None	None	1.0		
<PK:4-1.1.15224: @(4.262, 58.79)>	15224			4.262361358649615	58.78643799248851	28.95976201846045	53.181915301019714	39130.640625	22.827854610478326	None	None	1.0		
<PK:4-1.1.15225: @(4.234, 58.19)>	15225			4.233754826729909	58.19463090162084	-67.24470175611657	58.96164752219032	50101.16015625	29.227786246169195	None	None	1.0		
<PK:4-1.1.15226: @(4.924, 59.81)>	15226			4.9243483537309825	59.810729562015204	1.6892878099893887	8.06082212163702	366.892578125	0.21403611843119577	None	None	1.0		
<PK:4-1.1.15227: @(4.939, 58.92)>	15227			4.939178601062116	58.92416035737456	33.25525754823894	46.96469430042348	35149.1328125	20.505140746801743	None	None	1.0		
<PK:4-1.1.15228: @(4.881, 59.45)>	15228			4.880515539542548	59.44997205479598	29.89947246626397	41.56688785018479	28700.748046875	16.743311460315052	None	None	1.0		
<PK:4-1.1.15229: @(4.127, 58.23)>	15229			4.126658010915859	58.22890285297444	94.98317749836491	37.204919625883505	5589.46142578125	3.260754506970489	None	None	1.0		
<PK:4-1.1.15230: @(4.082, 57.41)>	15230			4.081505548165714	57.40979651405493	32.47083916973604	49.417210823815786	41470.203125	24.19269790844381	None	None	1.0		
<PK:4-1.1.15231: @(4.097, 56.33)>	15231			4.097460779021551	56.32571620531885	52.93897209832293	53.06777260873627	77819.984375	45.39826746325329	None	None	1.0		
<PK:4-1.1.15232: @(4.097, 56.33)>	15232			4.097460779021551	56.32571620531885	52.93897209832293	53.06777260873627	77819.984375	45.39826746325329	None	None	1.0		
<PK:4-1.1.15233: @(4.132, 55.65)>	15233			4.132311002355699	55.64730964595451	27.805193661688186	46.664039077966095	58689.93359375	34.238265711417874	None	None	1.0		
<PK:4-1.1.15234: @(4.064, 55.82)>	15234			4.064382834805784	55.82300052412452	33.04477864637584	51.02308426538237	57407.2421875	33.48997505058781	None	None	1.0		
<PK:4-1.1.15235: @(3.426, 58.66)>	15235			3.4264315511590944	58.66138770925753	30.335519486703888	44.41087620089882	37927.8828125	22.126195244906235	None	None	1.0		
<PK:4-1.1.15236: @(3.763, 58.28)>	15236			3.7626050933983173	58.27770884952677	24.95840920183135	46.19956219001955	54816.7421875	31.978740978670693	None	None	1.0		
<PK:4-1.1.15237: @(2.467, 58.19)>	15237			2.467276848900852	58.18513592223819	25.90320311868798	44.7506216638114	38649.11328125	22.546943385450437	None	None	1.0		
<PK:4-1.1.15238: @(3.337, 57.83)>	15238			3.3374407341216568	57.825921361756116	28.22295750658477	49.18159633550953	36705.5234375	21.413100809226904	None	None	1.0		
<PK:4-1.1.15239: @(3.352, 57.28)>	15239			3.351668439703536	57.2831866434532	34.19266655468018	51.985520100140036	31022.931640625	18.098016331236472	None	None	1.0		
<PK:4-1.1.15240: @(4.569, 57.6)>	15240			4.568544270092927	57.60140291211244	40.86995688386446	49.61515230167169	31102.94140625	18.14469206329538	None	None	1.0		
<PK:4-1.1.15241: @(4.426, 57.54)>	15241			4.426223684925954	57.53844532801009	26.258469845813014	46.95527984396269	33960.171875	19.811530139224626	None	None	1.0		
<PK:4-1.1.15242: @(3.697, 57.53)>	15242			3.6972591047019137	57.52716295324833	31.094813050749924	46.24467565799535	32437.154296875	18.923039092634706	None	None	1.0		
<PK:4-1.1.15243: @(3.953, 56.79)>	15243			3.9529262897128383	56.79333618603353	33.004358649635876	44.19554328626911	44443.71875	25.92737388832334	None	None	1.0		
<PK:4-1.1.15244: @(4.175, 56.45)>	15244			4.17489132114838	56.44637575289613	30.32258544594809	75.08871267023291	51109.6640625	29.816122654116118	None	None	1.0		
<PK:4-1.1.15245: @(3.725, 56.38)>	15245			3.725167584165346	56.379808485572326	30.012490848700157	46.119670910031886	31619.8828125	18.44626298254253	None	None	1.0		
<PK:4-1.1.15246: @(4.492, 56.09)>	15246			4.492142230146518	56.08559933929893	23.77067441837142	49.208564197887526	41097.8203125	23.975458922129846	None	None	1.0		
<PK:4-1.1.15247: @(4.369, 56.07)>	15247			4.3688051147779134	56.0673496999172	32.5425838430722	49.639710873041444	30115.89453125	17.568873160350268	None	None	1.0		
<PK:4-1.1.15248: @(2.535, 56.02)>	15248			2.5348866474273706	56.01708066187897	29.708957299590065	43.82982708351766	35732.17578125	20.845273694019156	None	None	1.0		
<PK:4-1.1.15249: @(4.54, 55.57)>	15249			4.539621609081978	55.5727985530148	31.187449796841644	100.84516733236931	58907.04296875	34.36492198813381	None	None	1.0		
<PK:4-1.1.15250: @(3.412, 55.59)>	15250			3.4118887319218807	55.592960933788866	35.2777080992475	42.57344762268272	35227.765625	20.551013198228368	None	None	1.0		
<PK:4-1.1.15251: @(4.418, 55.37)>	15251			4.418240850456119	55.36665309994603	39.4094192112485	49.80828532058258	33221.03125	19.380333653434967	None	None	1.0		
<PK:4-1.1.15252: @(4.385, 54.89)>	15252			4.385039650240392	54.894397003463	38.03852730645577	56.52446239052905	26559.40234375	15.4941029730285	None	None	1.0		
<PK:4-1.1.15253: @(4.317, 55.24)>	15253			4.317410722693285	55.23683694931944	28.12212989784964	46.9077823926573	57830.75390625	33.73704138497545	None	None	1.0		
<PK:4-1.1.15254: @(3.798, 55.08)>	15254			3.7983082679635842	55.08213333392173	26.52392065964444	56.28352822816888	19483.541015625	11.366219272112382	None	None	1.0		
<PK:4-1.1.15255: @(4.459, 54.57)>	15255			4.459168532373168	54.574317739087675	26.985838746604205	53.64478768213934	43913.72265625	25.61818718503904	None	None	1.0		
<PK:4-1.1.15256: @(4.427, 53.36)>	15256			4.427274646159429	53.36280562321931	32.82464622782586	48.44396354873541	77298.421875	45.09400071141609	None	None	1.0		
<PK:4-1.1.15257: @(4.427, 53.36)>	15257			4.427274646159429	53.36280562321931	32.82464622782586	48.44396354873541	77298.421875	45.09400071141609	None	None	1.0		
<PK:4-1.1.15258: @(4.407, 52.24)>	15258			4.407271006728253	52.24048647272168	36.23732258207517	50.09812404118153	39138.72265625	22.83256946899803	None	None	1.0		
<PK:4-1.1.15259: @(3.743, 54.37)>	15259			3.743032969430045	54.371015921070786	33.094750669522114	43.38238226330797	41854.74609375	24.417030831235227	None	None	1.0		
<PK:4-1.1.15260: @(3.845, 54.23)>	15260			3.8452959071269763	54.231911150023265	29.473222242907024	61.486771775652514	44182.015625	25.77470271317291	None	None	1.0		
<PK:4-1.1.15261: @(4.318, 53.82)>	15261			4.318019431722401	53.81542572169397	29.039282638293	47.19579389885714	67110.9453125	39.15087711052551	None	None	1.0		
<PK:4-1.1.15262: @(4.251, 52.77)>	15262			4.25059521904123	52.76994413044931	34.755615230936215	85.23781055017655	75677.8671875	44.14860891093163	None	None	1.0		
<PK:4-1.1.15263: @(4.251, 52.77)>	15263			4.25059521904123	52.76994413044931	34.755615230936215	85.23781055017655	75677.8671875	44.14860891093163	None	None	1.0		
<PK:4-1.1.15264: @(4.251, 52.77)>	15264			4.25059521904123	52.76994413044931	34.755615230936215	85.23781055017655	75677.8671875	44.14860891093163	None	None	1.0		
<PK:4-1.1.15265: @(4.251, 52.77)>	15265			4.25059521904123	52.76994413044931	34.755615230936215	85.23781055017655	75677.8671875	44.14860891093163	None	None	1.0		
<PK:4-1.1.15266: @(4.251, 52.77)>	15266			4.25059521904123	52.76994413044931	34.755615230936215	85.23781055017655	75677.8671875	44.14860891093163	None	None	1.0		
<PK:4-1.1.15267: @(4.287, 51.85)>	15267			4.287101633276691	51.85205015402438	32.84266970765127	45.21958813395187	41855.80078125	24.4176461100174	None	None	1.0		
<PK:4-1.1.15268: @(4.21, 51.46)>	15268			4.210284847492765	51.45935350584903	30.801333009432476	49.223895589618564	57098.30859375	33.30975078004745	None	None	1.0		
<PK:4-1.1.15269: @(4.21, 51.46)>	15269			4.210284847492765	51.45935350584903	30.801333009432476	49.223895589618564	57098.30859375	33.30975078004745	None	None	1.0		
<PK:4-1.1.15270: @(4.237, 47.14)>	15270			4.237129627975209	47.13906900811571	9.661331438483321	43.718199974492826	-2737.788330078125	-1.597158465976116	None	None	1.0		
<PK:4-1.1.15271: @(3.573, 53.24)>	15271			3.5727693351800713	53.24177555091366	32.718320233890594	46.01422899767107	48312.703125	28.184444342372732	None	None	1.0		
<PK:4-1.1.15272: @(3.573, 53.24)>	15272			3.5727693351800713	53.24177555091366	32.718320233890594	46.01422899767107	48312.703125	28.184444342372732	None	None	1.0		
<PK:4-1.1.15273: @(4.55, 53.48)>	15273			4.54994511292055	53.48433332851217	31.306515805996334	47.4769065318548	36521.92578125	21.30599444611201	None	None	1.0		
<PK:4-1.1.15274: @(4.061, 53.13)>	15274			4.060967207063769	53.125972777430874	31.51893197821496	68.64938642019808	61379.25390625	35.80714912641451	None	None	1.0		
<PK:4-1.1.15275: @(3.683, 52.95)>	15275			3.6834967076926937	52.954870635797064	27.148578411493503	41.83486326719106	50654.85546875	29.550798491570003	None	None	1.0		
<PK:4-1.1.15276: @(3.949, 52.68)>	15276			3.9488695485898884	52.67634915105293	33.76195075897829	99.92605318193847	60271.1796875	35.16072584380963	None	None	1.0		
<PK:4-1.1.15277: @(3.893, 52.49)>	15277			3.893187105055274	52.494305301909996	44.98417883251715	57.43541734536055	35069.55078125	20.45871454447116	None	None	1.0		
<PK:4-1.1.15278: @(3.789, 52.4)>	15278			3.7888510504188826	52.39890719279864	27.883714303756328	43.86932224683138	62378.4921875	36.39008019631951	None	None	1.0		
<PK:4-1.1.15279: @(3.99, 52.34)>	15279			3.989756015755317	52.34254028142797	31.048981234049137	56.41377672715029	38537.25	22.481685094764682	None	None	1.0		
<PK:4-1.1.15280: @(4.491, 52.07)>	15280			4.490697981625555	52.06794077500349	29.129961218971427	51.81706712945646	77923.7734375	45.45881545303995	None	None	1.0		
<PK:4-1.1.15281: @(4.491, 52.07)>	15281			4.490697981625555	52.06794077500349	29.129961218971427	51.81706712945646	77923.7734375	45.45881545303995	None	None	1.0		
<PK:4-1.1.15282: @(3.822, 51.24)>	15282			3.821874131229773	51.244552456159774	31.325575083685177	59.41068166461974	34194.7734375	19.948390928483455	None	None	1.0		
<PK:4-1.1.15283: @(4.115, 51.01)>	15283			4.115041842231582	51.01447384467118	29.85426153127959	43.95036755696585	47549.09375	27.738973388836605	None	None	1.0		
<PK:4-1.1.15284: @(4.544, 50.99)>	15284			4.543653128568881	50.99093867683642	22.570975721837584	42.67364578402559	34747.15625	20.270637493622	None	None	1.0		
<PK:4-1.1.15285: @(4.373, 50.53)>	15285			4.372632516714122	50.52696296970715	33.72442323523449	46.80964933789293	30762.259765625	17.945946762006393	None	None	1.0		
<PK:4-1.1.15286: @(3.729, 49.75)>	15286			3.728637716923094	49.74754320767316	30.504823184739273	45.081706839087204	26443.349609375	15.426400658291326	None	None	1.0		
<PK:4-1.1.15287: @(4.008, 48.77)>	15287			4.008256526315659	48.773440443659254	30.317024375574665	41.060574838648655	34039.02734375	19.8575324828386	None	None	1.0		
<PK:4-1.1.15288: @(3.596, 48.75)>	15288			3.5961259738502562	48.754922162520735	35.60162925471857	51.24112004009276	33110.91015625	19.316091712144956	None	None	1.0		
<PK:4-1.1.15289: @(3.807, 36.63)>	15289			3.8067411645345537	36.62733082517978	10.940172405053772	75.9177213615697	3888.016357421875	2.268173245129132	None	None	1.0		
<PK:4-1.1.15290: @(3.809, 48.51)>	15290			3.809172506356859	48.50679110693492	26.852814838863292	53.32687262283717	32825.1328125	19.1493762290888	None	None	1.0		
<PK:4-1.1.15291: @(5.139, 58.32)>	15291			5.139278549715513	58.31872697920026	26.83295259395467	161.98856958552543	26624.16796875	15.53188564787467	None	None	1.0		
<PK:4-1.1.15292: @(5.115, 57.68)>	15292			5.11459324302348	57.68383874806553	29.290566602960563	49.024050974327565	35093.8203125	20.472872792892105	None	None	1.0		
<PK:4-1.1.15293: @(4.951, 57.16)>	15293			4.951357455636197	57.155995483547336	41.377900813061395	50.88818421506362	21327.400390625	12.441881542455482	None	None	1.0		
<PK:4-1.1.15294: @(4.952, 54.13)>	15294			4.95224566339941	54.1270705512737	29.512546741618515	54.417223588603974	39746.0234375	23.186853828205475	None	None	1.0		
<PK:4-1.1.15295: @(4.974, 53.14)>	15295			4.9736074184938115	53.14031045811802	28.74993384839628	48.76734506662771	38591.63671875	22.51341297063219	None	None	1.0		
<PK:4-1.1.15296: @(5.617, 53.79)>	15296			5.61675320933431	53.7881587973664	48.874110246124864	48.72575442752111	16690.7734375	9.73698726323072	None	None	1.0		
<PK:4-1.1.15297: @(5.078, 50.65)>	15297			5.0777211374646605	50.6493353948489	35.15163926073368	49.0807958514146	26530.494140625	15.477238637371135	None	None	1.0		
<PK:4-1.1.15298: @(5.096, 50.09)>	15298			5.095633098385267	50.08705712090768	29.257361371165622	49.77076921773992	33664.41796875	19.638994574651154	None	None	1.0		
<PK:4-1.1.15299: @(4.945, 50.07)>	15299			4.945343252737307	50.07310446571284	75.47574261060116	46.72773850514835	72293.4453125	42.17422031751661	None	None	1.0		
<PK:4-1.1.15300: @(4.945, 50.07)>	15300			4.945343252737307	50.07310446571284	75.47574261060116	46.72773850514835	72293.4453125	42.17422031751661	None	None	1.0		
<PK:4-1.1.15301: @(4.945, 50.07)>	15301			4.945343252737307	50.07310446571284	75.47574261060116	46.72773850514835	72293.4453125	42.17422031751661	None	None	1.0		
<PK:4-1.1.15302: @(4.964, 49.02)>	15302			4.964429356226943	49.01976373734161	34.64146254536428	50.786356239215166	24432.337890625	14.25322581621466	None	None	1.0		
<PK:4-1.1.15303: @(5.801, 50.39)>	15303			5.800859504829	50.39465349328234	27.921889574290805	44.82257139423618	27436.501953125	16.005781341742143	None	None	1.0		
<PK:4-1.1.15304: @(5.17, 49.9)>	15304			5.170233620632254	49.90234689344696	29.549498158769683	54.35796312825833	19746.22265625	11.51946128924405	None	None	1.0		
<PK:4-1.1.15305: @(5.387, 49.24)>	15305			5.386663062938553	49.24069991927064	34.936288825403366	44.47237386003783	28216.3359375	16.460717333877398	None	None	1.0		
<PK:4-1.1.15306: @(5.508, 48.85)>	15306			5.507841391429273	48.854288647361344	29.93779101719454	43.20408460562642	26030.734375	15.18569106524768	None	None	1.0		
<PK:4-1.1.15307: @(4.89, 48.86)>	15307			4.890278283832968	48.86044981048637	34.37070140185259	46.85412505236655	45148.546875	26.338553304399564	None	None	1.0		
<PK:4-1.1.15308: @(5.116, 48.29)>	15308			5.115568046563741	48.29261688801151	22.034177210372956	53.96762761570835	15945.0400390625	9.301944715349888	None	None	1.0		
<PK:4-1.1.15309: @(6.937, 62.14)>	15309			6.936515664129416	62.137155444326	37.65349706205032	55.24403557343325	33395.5703125	19.482155455454066	None	None	1.0		
<PK:4-1.1.15310: @(6.687, 62.12)>	15310			6.687228731729884	62.11673275469941	38.865228326847856	57.158571586984635	44353.34375	25.874651333121832	None	None	1.0		
<PK:4-1.1.15311: @(7.741, 59.3)>	15311			7.740946530243479	59.30237905011168	22.528303536371507	47.967141575139486	31292.732421875	18.255411480147824	None	None	1.0		
<PK:4-1.1.15312: @(7.416, 58.09)>	15312			7.415571596385437	58.086341563024504	23.20378702372691	45.31884484964867	55213.26171875	32.21006073385525	None	None	1.0		
<PK:4-1.1.15313: @(7.196, 57.96)>	15313			7.195524379926723	57.95919836137435	25.300138916533687	56.354814897412815	21914.912109375	12.784621448661074	None	None	1.0		
<PK:4-1.1.15314: @(7.477, 57.68)>	15314			7.477274006911017	57.679098483581235	30.354695179714557	54.297832083766856	24247.97265625	14.145671666874964	None	None	1.0		
<PK:4-1.1.15315: @(6.893, 55.74)>	15315			6.892709534999369	55.7386458292693	23.718483041589803	56.04535260278244	27012.177734375	15.7582410148112	None	None	1.0		
<PK:4-1.1.15316: @(7.194, 21.2)>	15316			7.193670776338293	21.199401365440238	29.3001544494659	50.8134101477006	36792.8984375	21.46407323811467	None	None	1.0		
<PK:4-1.1.15317: @(7.18, 20.67)>	15317			7.1798003250019935	20.67027050357475	26.9313563759892	49.53248730010311	72397.3828125	42.23485490209483	None	None	1.0		
<PK:4-1.1.15318: @(7.337, 20.84)>	15318			7.337322493452485	20.835952380490667	27.3813762200566	53.92821849850207	39740.87890625	23.183852635034643	None	None	1.0		
<PK:4-1.1.15319: @(7.43, 20.32)>	15319			7.430234371455904	20.32368590707751	28.5961492082629	50.78620439314322	51629.34375	30.119291019386623	None	None	1.0		
<PK:4-1.1.15320: @(6.958, 20.35)>	15320			6.958006095859588	20.345750128496036	23.933891684581035	47.35899805698704	84791.5234375	49.46529211677621	None	None	1.0		
<PK:4-1.1.15321: @(6.936, 19.68)>	15321			6.935758865719201	19.681869331776014	23.979968271958484	49.22611254226901	62381.73046875	36.39196933006182	None	None	1.0		
<PK:4-1.1.15322: @(7.477, 18.99)>	15322			7.476857678188113	18.994526424889514	25.01082296172774	53.0487209882425	22395.84375	13.065185155117549	None	None	1.0		
<PK:4-1.1.15323: @(6.952, 17.41)>	15323			6.952227727950684	17.40687959760043	32.792742459628776	54.04545378911752	20734.84765625	12.096200831552123	None	None	1.0		
<PK:4-1.1.15324: @(7.247, 17.32)>	15324			7.247143989722931	17.323076057649303	29.211398214101745	50.96462352768233	17728.587890625	10.342422724296355	None	None	1.0		
<PK:4-1.1.15325: @(7.043, 16.16)>	15325			7.042650070694454	16.164646329421373	24.49848211537565	83.94513481661026	31157.390625	18.176456400127755	None	None	1.0		
<PK:4-1.1.15326: @(7.034, 13.55)>	15326			7.034083763764429	13.552769082528492	5.5902510678443305	25.066848257151626	-1292.5252685546875	-0.7540274945584502	None	None	1.0		
<PK:4-1.1.15327: @(7.005, 15.0)>	15327			7.004996542404613	14.998757443471995	20.98074093317753	51.68416638575169	24834.578125	14.487882889089946	None	None	1.0		
<PK:4-1.1.15328: @(7.521, 16.08)>	15328			7.521185203791938	16.081562817854284	24.790736810805665	48.39095408501831	23902.447265625	13.944100640808578	None	None	1.0		
<PK:4-1.1.15329: @(7.161, 14.11)>	15329			7.161242457245644	14.11436103732683	30.645885719702747	49.446127377450445	38986.1953125	22.743588763043963	None	None	1.0		
<PK:4-1.1.15330: @(7.006, 11.16)>	15330			7.006055432997911	11.164830380596712	28.38017789121617	47.22857240425502	34481.39453125	20.11559863456535	None	None	1.0		
<PK:4-1.1.15331: @(0.673, 22.53)>	15331			0.6727721978550711	22.528637127688505	43.46916475930268	51.542797692767934	29081.5234375	16.96544647056792	None	None	1.0		
<PK:4-1.1.15332: @(1.321, 26.63)>	15332			1.3211846515704782	26.626582016258617	49.74345210939638	54.234709671657996	34068.66015625	19.874819537807422	None	None	1.0		
<PK:4-1.1.15333: @(1.487, 25.94)>	15333			1.4869586703424247	25.935191281540483	36.95267682465217	55.24224378978427	31281.1640625	18.24866278343148	None	None	1.0		
<PK:4-1.1.15334: @(0.503, 30.8)>	15334			0.503052956715651	30.798422797823655	44.45346526037417	56.49792475868824	20912.203125	12.199665655800658	None	None	1.0		
<PK:4-1.1.15335: @(-0.255, 29.04)>	15335			-0.25458981832412064	29.04499364561851	88.19950744509683	38.90665096190311	12151.427734375	7.088844475825561	None	None	1.0		
<PK:4-1.1.15336: @(2.516, 32.92)>	15336			2.5163240459477354	32.91731631459042	57.98770162539595	46.48769517307694	32715.677734375	19.085522824955678	None	None	1.0		
<PK:4-1.1.15337: @(4.152, 13.5)>	15337			4.1523874545147414	13.49613383150028	39.51009756957103	43.804246081930124	29596.47265625	17.26585519655985	None	None	1.0		
<PK:4-1.1.15338: @(4.594, 12.75)>	15338			4.593950551213604	12.750278856828864	29.920740650059273	42.26499257366293	25689.296875	14.9865048141648	None	None	1.0		
<PK:4-1.1.15339: @(3.336, 52.59)>	15339			3.3358553698750324	52.59017969566167	34.9287725746249	42.43953457183162	24326.29296875	14.19136181347724	None	None	1.0		
<PK:4-1.1.15340: @(4.638, 59.48)>	15340			4.638008866838357	59.47744989474893	28.287594875272987	47.42040460848288	42314.828125	24.685431387692216	None	None	1.0		
<PK:4-1.1.15341: @(3.843, 42.44)>	15341			3.842624310181902	42.44184342054242	45.6768380573544	58.11496394807876	21712.384765625	12.666471970811289	None	None	1.0		
<PK:4-1.1.15342: @(4.206, 44.1)>	15342			4.206060589310505	44.09692612601975	38.59076875811198	62.55692215231448	15871.6455078125	9.259128148541402	None	None	1.0		
<PK:4-1.1.15343: @(4.278, 42.78)>	15343			4.278315365009208	42.78252436834911	54.067890279185995	53.18249737762885	23911.158203125	13.949182387787285	None	None	1.0		
<PK:4-1.1.15344: @(4.302, 41.56)>	15344			4.301939660638837	41.55656050415232	44.07929447598939	49.12202712148426	24443.51171875	14.259744353090262	None	None	1.0		
<PK:4-1.1.15345: @(3.966, 41.56)>	15345			3.965595988086127	41.555903136187425	38.701870765250405	47.73328850126783	20787.2734375	12.126784744646843	None	None	1.0		
<PK:4-1.1.15346: @(3.827, 43.77)>	15346			3.827010250858784	43.76799628513393	54.337281303910025	57.58070366700056	16965.890625	9.897483872966296	None	None	1.0		
<PK:4-1.1.15347: @(4.381, 42.61)>	15347			4.38135415547254	42.607693491214974	55.482933441033644	55.83104211837051	18129.35546875	10.576220685686899	None	None	1.0		
<PK:4-1.1.15348: @(0.581, 24.1)>	15348			0.5806856601857593	24.103228156926946	-130.74404201828497	53.29083448842814	20743.015625	12.100965823898525	None	None	1.0		
<PK:4-1.1.15349: @(1.035, 26.63)>	15349			1.0348688631600353	26.632659912109375	34.130847033781826	155.48538700070065	13315.498046875	7.76793450414334	None	None	1.0		
<PK:4-1.1.15350: @(1.836, 26.18)>	15350			1.8360058642439387	26.18052925334868	34.933381427365944	45.810233923080155	78069.6953125	45.543942690769356	None	None	1.0		
<PK:4-1.1.15351: @(1.811, 26.86)>	15351			1.8110302324790677	26.86044233131578	37.42438573867841	45.75176812384438	94688.484375	55.23893603771146	None	None	1.0		
<PK:4-1.1.15352: @(1.804, 27.3)>	15352			1.8040120023917563	27.302795045566533	42.91803373071621	48.67535671624151	83135.53125	48.49922694921066	None	None	1.0		
<PK:4-1.1.15353: @(1.978, 27.83)>	15353			1.9775103973288015	27.834725700330452	25.699912116695632	48.83209729324215	48377.6171875	28.22231361201047	None	None	1.0		
<PK:4-1.1.15354: @(2.303, 27.0)>	15354			2.302644314487141	26.999905266197423	38.32498660836458	48.20342924769804	28093.9375	16.389313091800805	None	None	1.0		
<PK:4-1.1.15355: @(2.081, 24.93)>	15355			2.0811508783671684	24.931257097852807	31.656391608218303	59.8204079205575	72748.359375	42.439606007940945	None	None	1.0		
<PK:4-1.1.15356: @(2.182, 29.81)>	15356			2.182448387145996	29.81056785583496	None	None	19017.33203125	11.094244401693013	None	None	1.0		
<PK:4-1.1.15357: @(1.603, 30.0)>	15357			1.6025205481531675	30.002175075471726	60.654173676784126	57.34674430087855	8739.119140625	5.098187455647764	None	None	1.0		
<PK:4-1.1.15358: @(3.162, 41.03)>	15358			3.161764990735616	41.033772467759995	45.31984002544323	115.69542972289993	58784.1796875	34.293246567630995	None	None	1.0		
<PK:4-1.1.15359: @(3.122, 40.78)>	15359			3.1215678850897053	40.775565319711966	38.114979337805295	73.06820834460463	192324.6875	112.1974987920525	None	None	1.0		
<PK:4-1.1.15360: @(3.104, 40.4)>	15360			3.104205155533103	40.396721810203985	23.658885859335044	49.18720451710015	256460.15625	149.6125559599257	None	None	1.0		
<PK:4-1.1.15361: @(3.122, 40.78)>	15361			3.1215678850897053	40.775565319711966	38.114979337805295	73.06820834460463	192324.6875	112.1974987920525	None	None	1.0		
<PK:4-1.1.15362: @(2.628, 39.84)>	15362			2.6277776940617628	39.83963742794373	34.32465466455766	81.72976136531516	38586.02734375	22.510140599035136	None	None	1.0		
<PK:4-1.1.15363: @(2.835, 40.28)>	15363			2.8349283816844597	40.27548865167848	34.888119747241284	43.542129392533184	125830.3515625	73.40633644568972	None	None	1.0		
<PK:4-1.1.15364: @(2.866, 39.87)>	15364			2.8656202605731806	39.87172099751561	44.27811692062854	43.34661239029271	114175.453125	66.60715496586592	None	None	1.0		
<PK:4-1.1.15365: @(2.601, 39.0)>	15365			2.6006022697277196	38.99585811471958	50.9350285984766	165.0506772262894	18781.705078125	10.956785424729294	None	None	1.0		
<PK:4-1.1.15366: @(2.91, 39.59)>	15366			2.9102455478245925	39.593257767576574	-201.03588795814727	77.8585722993897	35991.9921875	20.99684420379258	None	None	1.0		
<PK:4-1.1.15367: @(2.904, 39.2)>	15367			2.903964300214378	39.20177671642761	35.18334303337789	84.2606608310471	22829.330078125	13.318070431617354	None	None	1.0		
<PK:4-1.1.15368: @(2.828, 37.92)>	15368			2.827945617189574	37.91846507494991	64.73202329988654	78.32434494048354	19606.576171875	11.437994960268586	None	None	1.0		
<PK:4-1.1.15369: @(2.599, 32.09)>	15369			2.598512846082185	32.08778787886932	40.44363800531772	58.139264381126196	24986.498046875	14.576509240041688	None	None	1.0		
<PK:4-1.1.15370: @(1.802, 30.24)>	15370			1.8019802644656107	30.242025515129342	142.15624198699587	107.09993986655833	5076.24755859375	2.9613581424562656	None	None	1.0		
<PK:4-1.1.15371: @(1.982, 29.13)>	15371			1.9816595580523995	29.131418425224695	39.703579834447396	66.5219672753111	42638.2734375	24.874121438513246	None	None	1.0		
<PK:4-1.1.15372: @(1.826, 29.14)>	15372			1.8256041121088096	29.143192315463892	62.48802543641655	83.72121753737976	39101.0546875	22.810594901233156	None	None	1.0		
<PK:4-1.1.15373: @(1.675, 27.82)>	15373			1.674743173359028	27.823085161734568	36.73234142554106	84.30552122223634	46251.3984375	26.981929817627524	None	None	1.0		
<PK:4-1.1.15374: @(1.836, 26.18)>	15374			1.8360058642439387	26.18052925334868	34.933381427365944	45.810233923080155	78069.6953125	45.543942690769356	None	None	1.0		
<PK:4-1.1.15375: @(1.713, 25.19)>	15375			1.713357557878254	25.18852084029742	44.11193852623297	189.30512116007176	69891.328125	40.772884151337216	None	None	1.0		
<PK:4-1.1.15376: @(1.713, 25.19)>	15376			1.713357557878254	25.18852084029742	44.11193852623297	189.30512116007176	69891.328125	40.772884151337216	None	None	1.0		
<PK:4-1.1.15377: @(1.241, 24.22)>	15377			1.2413634895878936	24.21861340407326	148.69708758898247	63.210310738371746	8817.4716796875	5.143896402435051	None	None	1.0		
<PK:4-1.1.15378: @(1.179, 25.18)>	15378			1.1787717811987868	25.18400835864655	35.80988731044219	46.54528026509542	48616.00390625	28.361382568454214	None	None	1.0		
<PK:4-1.1.15379: @(1.61, 24.93)>	15379			1.6095479470294265	24.93241919813726	38.141590686371636	75.1129726109945	88609.53125	51.692624096353796	None	None	1.0		
<PK:4-1.1.15380: @(1.636, 24.42)>	15380			1.6355254556478531	24.42130472985866	44.81816461357543	82.57570089367418	124195.0	72.45231251177238	None	None	1.0		
<PK:4-1.1.15381: @(1.241, 24.22)>	15381			1.2413634895878936	24.21861340407326	148.69708758898247	63.210310738371746	8817.4716796875	5.143896402435051	None	None	1.0		
<PK:4-1.1.15382: @(1.636, 24.42)>	15382			1.6355254556478531	24.42130472985866	44.81816461357543	82.57570089367418	124195.0	72.45231251177238	None	None	1.0		
<PK:4-1.1.15383: @(1.655, 23.83)>	15383			1.6554067350519315	23.829172303275215	43.81855400517958	207.55730245424346	30453.693359375	17.765936699634644	None	None	1.0		
<PK:4-1.1.15384: @(0.817, 23.97)>	15384			0.8171445907402859	23.96889657918181	17.03768831271771	35.40603717303145	570145.6875	332.60899012028915	None	None	1.0		
<PK:4-1.1.15385: @(1.495, 24.02)>	15385			1.495470546921121	24.01856401174144	-45.025285381155065	133.5179372488156	46451.828125	27.098855574343872	None	None	1.0		
<PK:4-1.1.15386: @(1.466, 23.51)>	15386			1.4663392586294073	23.507637096746336	43.91129224155187	42.992532658188225	39456.88671875	23.018178568287578	None	None	1.0		
<PK:4-1.1.15387: @(1.437, 23.95)>	15387			1.4365640047764838	23.946241678207514	43.01327340400365	86.83850097915398	61474.484375	35.86270424282433	None	None	1.0		
<PK:4-1.1.15388: @(1.437, 23.95)>	15388			1.4365640047764838	23.946241678207514	43.01327340400365	86.83850097915398	61474.484375	35.86270424282433	None	None	1.0		
<PK:4-1.1.15389: @(0.581, 24.1)>	15389			0.5806856601857593	24.103228156926946	-130.74404201828497	53.29083448842814	20743.015625	12.100965823898525	None	None	1.0		
<PK:4-1.1.15390: @(1.665, 40.2)>	15390			1.6647721153783461	40.19983509490548	37.499978087651364	62.01635013617897	35067.73828125	20.457657176489942	None	None	1.0		
<PK:4-1.1.15391: @(1.697, 39.95)>	15391			1.6970614093486773	39.95308569023301	47.6510687850606	69.79142072732031	21192.5703125	12.363224986585285	None	None	1.0		
<PK:4-1.1.15392: @(1.443, 39.38)>	15392			1.4434472864179977	39.38220957097765	28.93021043676592	58.41323518720656	20022.755859375	11.680783967714955	None	None	1.0		
<PK:4-1.1.15393: @(2.65, 36.49)>	15393			2.6495754594162566	36.49071127360065	35.51246108821564	62.95300756945556	52216.26171875	30.461684546425953	None	None	1.0		
<PK:4-1.1.15394: @(2.675, 36.29)>	15394			2.6752973021786985	36.29040585215567	37.210315871888184	78.35076615700252	50437.296875	29.423880151669067	None	None	1.0		
<PK:4-1.1.15395: @(2.675, 36.29)>	15395			2.6752973021786985	36.29040585215567	37.210315871888184	78.35076615700252	50437.296875	29.423880151669067	None	None	1.0		
<PK:4-1.1.15396: @(3.013, 35.99)>	15396			3.0133361553850726	35.98698703406496	47.32181938985976	84.59100196057037	23932.328125	13.961532400231727	None	None	1.0		
<PK:4-1.1.15397: @(1.127, 21.58)>	15397			1.1269475013352857	21.581976555916214	21.22709664922109	45.132985257584096	231913.796875	135.29281281033212	None	None	1.0		
<PK:4-1.1.15398: @(1.223, 21.38)>	15398			1.2230192217616889	21.378649915411067	68.16102764927413	73.85021561513774	10593.6201171875	6.180057774962497	None	None	1.0		
<PK:4-1.1.15399: @(0.838, 20.0)>	15399			0.8375423238345245	20.00279417194809	19.210569847088564	15.93584032810252	34412.01953125	20.07512696356004	None	None	1.0		
<PK:4-1.1.15400: @(0.838, 20.0)>	15400			0.8375423238345245	20.00279417194809	19.210569847088564	15.93584032810252	34412.01953125	20.07512696356004	None	None	1.0		
<PK:4-1.1.15401: @(0.823, 19.58)>	15401			0.822508272543196	19.580470398715818	18.030115498755194	39.98782283262065	345548.21875	201.58434343380395	None	None	1.0		
<PK:4-1.1.15402: @(0.428, 20.29)>	15402			0.42772696524283305	20.286841379222807	77.21693971409235	114.46527407869044	19139.357421875	11.165431017385542	None	None	1.0		
<PK:4-1.1.15403: @(1.033, 20.21)>	15403			1.0328149797713344	20.214405714414525	18.703375154962878	208.84922908052147	15835.4326171875	9.238002437614897	None	None	1.0		
<PK:4-1.1.15404: @(1.29, 19.23)>	15404			1.2903985611353868	19.23019686829425	53.8437937696774	141.596441845531	47294.92578125	27.590698038763275	None	None	1.0		
<PK:4-1.1.15405: @(1.155, 19.0)>	15405			1.1548954633361408	19.000355983739347	30.489184726507187	65.8192337774064	45121.359375	26.322692784681266	None	None	1.0		
<PK:4-1.1.15406: @(1.017, 18.43)>	15406			1.0165488761983728	18.428206415451506	22.28636563254087	9.670383524676053	55842.4609375	32.5771201036289	None	None	1.0		
<PK:4-1.1.15407: @(1.01, 18.39)>	15407			1.00950815719224	18.38964304357217	30.25832418829962	52.95122568698031	29018.7734375	16.928839661838794	None	None	1.0		
<PK:4-1.1.15408: @(1.022, 18.31)>	15408			1.0215268864831195	18.313332723032772	10.530619571606302	8.065116834705288	-28668.705078125	-16.724618379388446	None	None	1.0		
<PK:4-1.1.15409: @(1.004, 18.09)>	15409			1.003802154024772	18.08550709221523	17.49069913505359	34.73562158077306	743414.0625	433.6895042626215	None	None	1.0		
<PK:4-1.1.15410: @(1.004, 18.09)>	15410			1.003802154024772	18.08550709221523	17.49069913505359	34.73562158077306	743414.0625	433.6895042626215	None	None	1.0		
<PK:4-1.1.15411: @(0.841, 18.54)>	15411			0.8407513253018326	18.540119635933976	-263.4283632804182	72.13629863184428	17535.568359375	10.229819870727365	None	None	1.0		
<PK:4-1.1.15412: @(0.355, 18.42)>	15412			0.3547810062131287	18.420198242695648	28.54253846005747	55.883175936406055	15252.978515625	8.898213021050866	None	None	1.0		
<PK:4-1.1.15413: @(1.389, 16.03)>	15413			1.3889222606256677	16.026384037653308	-88.80640738285491	173.07552954424978	4048.046875	2.36153111840093	None	None	1.0		
<PK:4-1.1.15414: @(1.29, 16.34)>	15414			1.2896708519774034	16.33952924315107	27.1582558082464	159.4620837789514	218274.53125	127.33600025351765	None	None	1.0		
<PK:4-1.1.15415: @(1.288, 16.19)>	15415			1.2878093190291509	16.194687330448843	22.132157121235707	126.98087274380347	243121.78125	141.8312756032349	None	None	1.0		
<PK:4-1.1.15416: @(1.544, 16.59)>	15416			1.5437365153644382	16.591123388297966	22.332072078895074	63.01006120022222	10145.7470703125	5.918779640111762	None	None	1.0		
<PK:4-1.1.15417: @(1.62, 15.8)>	15417			1.619902332065955	15.801018904515637	15.604548538342476	38.202895033780635	382683.375	223.2480814731654	None	None	1.0		
<PK:4-1.1.15418: @(1.518, 15.4)>	15418			1.5181889393235277	15.39584563289904	22.71664412453385	47.85861718751812	416323.15625	242.872703591227	None	None	1.0		
<PK:4-1.1.15419: @(0.921, 12.01)>	15419			0.9206411038727165	12.007986966569803	20.31137372773042	36.89286076342281	445777.25	260.0554984310035	None	None	1.0		
<PK:4-1.1.15420: @(3.621, 48.59)>	15420			3.6214784518006073	48.589561668855424	45.328535354481225	91.08433985839716	21881.185546875	12.764946200493291	None	None	1.0		
<PK:4-1.1.15421: @(1.496, 23.95)>	15421			1.4960845720558815	23.947827397163273	45.78671919611777	218.03769809396363	44769.4140625	26.11737653387968	None	None	1.0		
<PK:4-1.1.15422: @(1.463, 23.51)>	15422			1.4632625326221955	23.50836029717248	46.672875610872644	46.38110935364079	25715.57421875	15.001834371082182	None	None	1.0		
