H_Assignment	C_Assignment	H_ppm	C_ppm	S/N_Ratio	Height	RBH_Distance
bmrb4562.1.LYS.HBx	bmrb4562.1.LYS.CB	1.62356215721133	31.452651095577835	19.632445273836446	33653.19140625	0.7657412002817258
bmrb4562.1.LYS.HBy	bmrb4562.1.LYS.CB	1.8975770147453321	31.464465668515835	22.267743546961118	38170.51953125	0.7120745245628132
bmrb4562.1.LYS.HDx	bmrb4562.1.LYS.CD	0.6142496248801628	21.64488066845157	28.0988339968588	48165.953125	0.4919112032447653
bmrb4562.1.LYS.HDy	bmrb4562.1.LYS.CD	0.9664507477837763	20.870740115961333	151.81137090735461	260229.28125	0.6068182148627888
bmrb4562.1.LYS.HGx	bmrb4562.1.LYS.CG	1.0348688631600353	26.632659912109375	7.76793450414334	13315.498046875	0.27753515977209336
bmrb4562.10.ALA.HA	bmrb4562.10.ALA.CA	3.893187105055274	52.494305301909996	20.45871454447116	35069.55078125	0.134092213326568
bmrb4562.10.ALA.HB%	bmrb4562.10.ALA.CB	1.4709127371672572	15.578012159511829	223.31321898690504	382795.03125	0.4223537682531918
bmrb4562.100.SER.HBy	bmrb4562.100.SER.CB	4.067769836214879	60.991043611559135	35.132464038415044	60222.734375	0.2997274627725402
bmrb4562.101.ASP.HB%	bmrb4562.101.ASP.CB	3.0133361553850726	35.98698703406496	13.961532400231727	23932.328125	0.6762924641332828
bmrb4562.102.GLY.HAy	bmrb4562.102.GLY.CA	4.101691249282316	43.075532846334	15.147070927614658	25964.533203125	0.21841006337774463
bmrb4562.104.GLY.HAy	bmrb4562.104.GLY.CA	4.120667118244244	44.170449379591574	3.411798611563609	5848.37548828125	0.4356911173315883
bmrb4562.105.MET.HA	bmrb4562.105.MET.CA	3.743032969430045	54.371015921070786	24.417030831235227	41854.74609375	0.310469082821606
bmrb4562.105.MET.HBy	bmrb4562.105.MET.CB	0.3905887706770752	26.839259711029406	9.082798934513757	15569.388671875	0.5221402539138174
bmrb4562.105.MET.HE%	bmrb4562.105.MET.CE	-0.049591496440468674	12.961006954098984	130.9063855469305	224394.75	0.8585790184276882
bmrb4562.105.MET.HGx	bmrb4562.105.MET.CG	-0.07200210723212308	30.779262329207477	10.99135611645148	18840.96484375	0.34983570135183595
bmrb4562.105.MET.HGy	bmrb4562.105.MET.CG	0.503052956715651	30.798422797823655	12.199665655800658	20912.203125	0.8181740685490512
bmrb4562.106.ASN.HBx	bmrb4562.106.ASN.CB	2.6752973021786985	36.29040585215567	29.423880151669067	50437.296875	0.4138104693224428
bmrb4562.106.ASN.HBy	bmrb4562.106.ASN.CB	2.908007766006099	35.807936484976636	19.295131214965515	33074.98046875	0.38684903757791267
bmrb4562.107.ALA.HA	bmrb4562.107.ALA.CA	3.821874131229773	51.244552456159774	19.948390928483455	34194.7734375	0.6232165596831958
bmrb4562.107.ALA.HB%	bmrb4562.107.ALA.CB	0.5765106954437549	15.801822110892786	137.99163519950093	236540.015625	0.40706255578040784
bmrb4562.108.TRP.HA	bmrb4562.108.TRP.CA	4.568544270092927	57.60140291211244	18.14469206329538	31102.94140625	0.49979938340110286
bmrb4562.108.TRP.HZ2	bmrb4562.108.TRP.CZ2	6.892709534999369	55.7386458292693	15.7582410148112	27012.177734375	0.6300952591666674
bmrb4562.109.VAL.HA	bmrb4562.109.VAL.CA	3.595637743305229	63.74476227106754	35.450421882560796	60767.765625	0.5928603846291168
bmrb4562.109.VAL.HGx%	bmrb4562.109.VAL.CGx	0.9137637953836109	18.099231511427774	240.028766561877	411448.1875	0.28912480020666204
bmrb4562.110.ALA.HB%	bmrb4562.110.ALA.CB	1.2878093190291509	16.194687330448843	141.8312756032349	243121.78125	0.4940850422524194
bmrb4562.111.TRP.HBx	bmrb4562.111.TRP.CB	2.7580689923909762	25.79596992535795	10.995791820708902	18848.568359375	0.7111697284504122
bmrb4562.111.TRP.HZ2	bmrb4562.111.TRP.CZ2	7.415571596385437	58.086341563024504	32.21006073385525	55213.26171875	0.4564877605604986
bmrb4562.112.ARG.HA	bmrb4562.112.ARG.CA	3.351668439703536	57.2831866434532	18.098016331236472	31022.931640625	0.6828309113142246
bmrb4562.112.ARG.HBx	bmrb4562.112.ARG.CB	1.939942748037721	27.29675241863417	36.25857461127591	62153.0703125	0.36697367425329297
bmrb4562.112.ARG.HBy	bmrb4562.112.ARG.CB	1.9775103973288015	27.834725700330452	28.22231361201047	48377.6171875	0.3737392306619984
bmrb4562.112.ARG.HDy	bmrb4562.112.ARG.CD	3.329777582768749	41.66028872311877	51.65732532473937	88549.0234375	0.18030244209735505
bmrb4562.113.ASN.HA	bmrb4562.113.ASN.CA	4.407271006728253	52.24048647272168	22.83256946899803	39138.72265625	0.5095079836830998
bmrb4562.114.ARG.HA	bmrb4562.114.ARG.CA	4.210284847492765	51.45935350584903	33.30975078004745	57098.30859375	0.3542293787946262
bmrb4562.114.ARG.HDy	bmrb4562.114.ARG.CD	2.6006022697277196	38.99585811471958	10.956785424729294	18781.705078125	0.3197857400775455
bmrb4562.114.ARG.HGy	bmrb4562.114.ARG.CG	0.998512599043254	23.126455414579212	198.69094710560825	340588.46875	0.04601485716679881
bmrb4562.115.CYS.HA	bmrb4562.115.CYS.CA	4.426223684925954	57.53844532801009	19.811530139224626	33960.171875	0.5588024234521843
bmrb4562.115.CYS.HBx	bmrb4562.115.CYS.CB	2.426246921547442	42.85646663357869	9.920120435124584	17004.693359375	0.622395441152295
bmrb4562.116.LYS.HA	bmrb4562.116.LYS.CA	3.4118887319218807	55.592960933788866	20.551013198228368	35227.765625	0.7469887003014567
bmrb4562.116.LYS.HBx	bmrb4562.116.LYS.CB	-0.25458981832412064	29.04499364561851	7.088844475825561	12151.427734375	0.25089617966412786
bmrb4562.116.LYS.HBy	bmrb4562.116.LYS.CB	1.1592345553734642	28.728460648797373	12.551753241874707	21515.73828125	0.39881438327351254
bmrb4562.117.GLY.HAx	bmrb4562.117.GLY.CA	3.712740993095103	42.706297855176246	16.713335989571593	28649.365234375	0.1699813738265356
bmrb4562.118.THR.HB	bmrb4562.118.THR.CB	4.277672161024929	15.392907843581355	21.49125032980438	36839.484375	0.8177198547854371
bmrb4562.12.MET.HA	bmrb4562.12.MET.CA	3.4264315511590944	58.66138770925753	22.126195244906235	37927.8828125	0.6026082975260862
bmrb4562.12.MET.HBy	bmrb4562.12.MET.CB	1.5319335214056888	30.27966181993962	10.987322622212774	18834.05078125	0.850914064128465
bmrb4562.12.MET.HGy	bmrb4562.12.MET.CG	2.6980720064754387	33.083671016882775	14.820512853380277	25404.759765625	0.7197096294272002
bmrb4562.120.VAL.HA	bmrb4562.120.VAL.CA	4.211458855665866	61.38737635146525	20.235491402297967	34686.91015625	0.48727922666695683
bmrb4562.120.VAL.HGy%	bmrb4562.120.VAL.CGy	1.0319931635971464	19.856651017082505	265.97484492517845	455923.96875	0.3015284108663429
bmrb4562.121.GLN.HBx	bmrb4562.121.GLN.CB	2.0811508783671684	24.931257097852807	42.439606007940945	72748.359375	0.25899872878676033
bmrb4562.121.GLN.HBy	bmrb4562.121.GLN.CB	2.14294473785613	25.3698020147124	44.34245818828172	76010.15625	0.24782445636830563
bmrb4562.121.GLN.HGy	bmrb4562.121.GLN.CG	2.4588597513180037	31.659920231976614	79.58126063073908	136415.171875	0.4618641682949237
bmrb4562.122.ALA.HA	bmrb4562.122.ALA.CA	3.7888510504188826	52.39890719279864	36.39008019631951	62378.4921875	0.6351545168787727
bmrb4562.122.ALA.HB%	bmrb4562.122.ALA.CB	1.0533420764138697	15.935096089518538	221.0623013206774	378936.59375	0.4658940318725373
bmrb4562.123.TRP.HA	bmrb4562.123.TRP.CA	4.081505548165714	57.40979651405493	24.19269790844381	41470.203125	0.568141282902377
bmrb4562.123.TRP.HBx	bmrb4562.123.TRP.CB	3.32501775680862	25.500503039212994	9.12736220942053	15645.77734375	0.5856243224595296
bmrb4562.123.TRP.HBy	bmrb4562.123.TRP.CB	3.4802359161132834	26.066079381000755	11.605095562266177	19893.013671875	0.6034387133206295
bmrb4562.123.TRP.HD1	bmrb4562.123.TRP.CD1	7.521185203791938	16.081562817854284	13.944100640808578	23902.447265625	0.8165104812744028
bmrb4562.123.TRP.HZ2	bmrb4562.123.TRP.CZ2	7.740946530243479	59.30237905011168	18.255411480147824	31292.732421875	0.8241991117236395
bmrb4562.123.TRP.HZ3	bmrb4562.123.TRP.CZ3	7.006055432997911	11.164830380596712	20.11559863456535	34481.39453125	0.5800558759739648
bmrb4562.124.ILE.HB	bmrb4562.124.ILE.CB	2.184708944835174	35.81772591042689	28.19121240897666	48324.3046875	0.6710523477384013
bmrb4562.124.ILE.HD1%	bmrb4562.124.ILE.CD1	0.9206411038727165	12.007986966569803	260.0554984310035	445777.25	0.7919414270445998
bmrb4562.125.ARG.HBy	bmrb4562.125.ARG.CB	1.7166972071216282	27.664333542280666	78.20822273091915	134061.5625	0.23550362097393088
bmrb4562.125.ARG.HDy	bmrb4562.125.ARG.CD	3.1215678850897053	40.775565319711966	112.1974987920525	192324.6875	0.16630604756525671
bmrb4562.125.ARG.HGy	bmrb4562.125.ARG.CG	1.6355254556478531	24.42130472985866	72.45231251177238	124195.0	0.24285301460715455
bmrb4562.127.CYS.HBy	bmrb4562.127.CYS.CB	3.0545190850374375	32.100404349087725	15.599128782335518	26739.43359375	0.7495160190642399
bmrb4562.128.ARG.HA	bmrb4562.128.ARG.CA	4.318019431722401	53.81542572169397	39.15087711052551	67110.9453125	0.6091043785795324
bmrb4562.128.ARG.HGx	bmrb4562.128.ARG.CG	1.495470546921121	24.01856401174144	27.098855574343872	46451.828125	0.26709822971772124
bmrb4562.129.LEU.HA	bmrb4562.129.LEU.CA	4.25059521904123	52.76994413044931	44.14860891093163	75677.8671875	0.6446343751186142
bmrb4562.129.LEU.HBy	bmrb4562.129.LEU.CB	1.429849434824762	41.0710909138109	23.928004976352003	41016.4765625	0.6313739308061781
bmrb4562.129.LEU.HDx%	bmrb4562.129.LEU.CDx	0.7008369797841656	20.805107191263495	317.5390170422965	544313.3125	0.7134640877430236
bmrb4562.13.LYS.HDy	bmrb4562.13.LYS.CD	1.6549653340217905	26.982915380682243	34.50340301151903	59144.421875	0.45254546102703935
bmrb4562.13.LYS.HE%	bmrb4562.13.LYS.CE	2.9102455478245925	39.593257767576574	20.99684420379258	35991.9921875	0.33469491443464966
bmrb4562.13.LYS.HG%	bmrb4562.13.LYS.CG	1.4708136276359127	22.80397018143838	58.6616316352992	100555.5390625	0.7667303655592935
bmrb4562.14.ARG.HA	bmrb4562.14.ARG.CA	4.064382834805784	55.82300052412452	33.48997505058781	57407.2421875	0.27968038849152316
bmrb4562.14.ARG.HBy	bmrb4562.14.ARG.CB	1.8110302324790677	26.86044233131578	55.23893603771146	94688.484375	0.4210972900643004
bmrb4562.14.ARG.HDy	bmrb4562.14.ARG.CD	3.104205155533103	40.396721810203985	149.6125559599257	256460.15625	0.13975481809606655
bmrb4562.14.ARG.HGy	bmrb4562.14.ARG.CG	1.6095479470294265	24.93241919813726	51.692624096353796	88609.53125	0.11484108078501101
bmrb4562.15.HIS.HA	bmrb4562.15.HIS.CA	4.54994511292055	53.48433332851217	21.30599444611201	36521.92578125	0.574714600621448
bmrb4562.15.HIS.HBx	bmrb4562.15.HIS.CB	2.5307519417326017	26.210829153432172	10.437792074938677	17892.06640625	0.6611442276147348
bmrb4562.15.HIS.HBy	bmrb4562.15.HIS.CB	3.690376898227834	26.200450055423637	11.690092907808237	20038.712890625	0.8418846756738415
bmrb4562.16.GLY.HAx	bmrb4562.16.GLY.CA	3.885058913921565	44.73427598770654	10.994301478769856	18846.013671875	0.5872623599173727
bmrb4562.17.LEU.HBx	bmrb4562.17.LEU.CB	0.21838496692738651	38.68274123102637	10.838482127183964	18578.9140625	0.14365198299183066
bmrb4562.17.LEU.HDx%	bmrb4562.17.LEU.CDx	-0.7232917239327588	18.21881465420745	140.52901755146817	240889.5	0.06709323232695708
bmrb4562.17.LEU.HG	bmrb4562.17.LEU.CG	0.6727721978550711	22.528637127688505	16.96544647056792	29081.5234375	0.5712203429932681
bmrb4562.18.ASP.HBx	bmrb4562.18.ASP.CB	2.3431118546083667	38.62452801492311	13.950816294775507	23913.958984375	0.5278262144402233
bmrb4562.19.ASN.HBx	bmrb4562.19.ASN.CB	2.733178268987597	34.33281478019801	19.19325244268881	32900.34375	0.3146686521809201
bmrb4562.2.VAL.HA	bmrb4562.2.VAL.CA	4.880515539542548	59.44997205479598	16.743311460315052	28700.748046875	0.7198264878924433
bmrb4562.2.VAL.HGx%	bmrb4562.2.VAL.CGx	0.8407513253018326	18.540119635933976	10.229819870727365	17535.568359375	0.2015857280768398
bmrb4562.2.VAL.HGy%	bmrb4562.2.VAL.CGy	0.9230921272322092	18.45181791369641	231.36108368824023	396590.375	0.3487213049490837
bmrb4562.20.TYR.HE%	bmrb4562.20.TYR.CE%	6.936515664129416	62.137155444326	19.482155455454066	33395.5703125	0.6712073370444952
bmrb4562.21.ARG.HA	bmrb4562.21.ARG.CA	3.5727693351800713	53.24177555091366	28.184444342372732	48312.703125	0.5789742323084626
bmrb4562.21.ARG.HBx	bmrb4562.21.ARG.CB	1.713357557878254	25.18852084029742	40.772884151337216	69891.328125	0.5066352559549377
bmrb4562.21.ARG.HD%	bmrb4562.21.ARG.CD	3.004054399192384	39.64144954600668	222.73544030709817	381804.625	0.3387738643270447
bmrb4562.21.ARG.HGy	bmrb4562.21.ARG.CG	1.1787717811987868	25.18400835864655	28.361382568454214	48616.00390625	0.7356663587599577
bmrb4562.22.GLY.HAx	bmrb4562.22.GLY.CA	3.415063835749269	41.655869036287086	48.40547213566897	82974.8203125	0.6226284092978696
bmrb4562.22.GLY.HAy	bmrb4562.22.GLY.CA	3.842624310181902	42.44184342054242	12.666471970811289	21712.384765625	0.6521100000540296
bmrb4562.23.TYR.HBx	bmrb4562.23.TYR.CB	2.4603527258297433	36.31560671972225	10.208449187693143	17498.935546875	0.46727376832786743
bmrb4562.23.TYR.HBy	bmrb4562.23.TYR.CB	3.2002351534899276	35.84292848988922	9.521214691347607	16320.904296875	0.2563944688224261
bmrb4562.25.LEU.HA	bmrb4562.25.LEU.CA	4.3688051147779134	56.0673496999172	17.568873160350268	30115.89453125	0.6062310504007947
bmrb4562.25.LEU.HBx	bmrb4562.25.LEU.CB	1.606046977872369	38.841104501896226	50.84863479679243	87162.796875	0.301126345778103
bmrb4562.25.LEU.HBy	bmrb4562.25.LEU.CB	1.6708799175754852	38.88516091923743	16.638671909354624	28521.37890625	0.36530085593175066
bmrb4562.25.LEU.HDx%	bmrb4562.25.LEU.CDx	0.8319280085565328	20.311658731793322	157.84686380512184	270575.09375	0.6246406749931388
bmrb4562.26.GLY.HAx	bmrb4562.26.GLY.CA	4.100180161185897	44.726783422843184	10.491721260196341	17984.509765625	0.5134106462691552
bmrb4562.26.GLY.HAy	bmrb4562.26.GLY.CA	3.629418384103266	45.4204054122614	10.377754538660195	17789.15234375	0.6239460377009851
bmrb4562.27.ASN.HA	bmrb4562.27.ASN.CA	4.060967207063769	53.125972777430874	35.80714912641451	61379.25390625	0.49617873918909705
bmrb4562.27.ASN.HBy	bmrb4562.27.ASN.CB	2.815841307557557	37.16035267501702	11.559445294844227	19814.76171875	0.5952097438931895
bmrb4562.28.TRP.HA	bmrb4562.28.TRP.CA	3.725167584165346	56.379808485572326	18.44626298254253	31619.8828125	0.6734362066054372
bmrb4562.28.TRP.HBy	bmrb4562.28.TRP.CB	3.2415214634776124	27.229458224993493	10.607536096889318	18183.03515625	0.852528185322971
bmrb4562.28.TRP.HD1	bmrb4562.28.TRP.CD1	7.247143989722931	17.323076057649303	10.342422724296355	17728.587890625	0.4739392271090509
bmrb4562.29.VAL.HB	bmrb4562.29.VAL.CB	1.8256041121088096	29.143192315463892	22.810594901233156	39101.0546875	0.36628346288106495
bmrb4562.29.VAL.HGx%	bmrb4562.29.VAL.CGx	0.822508272543196	19.580470398715818	201.58434343380395	345548.21875	0.07564540487016011
bmrb4562.3.PHE.HA	bmrb4562.3.PHE.CA	4.17489132114838	56.44637575289613	29.816122654116118	51109.6640625	0.400379651672585
bmrb4562.3.PHE.HBy	bmrb4562.3.PHE.CB	3.1148520010444525	39.66195012688953	127.13684134815841	217933.140625	0.39315651635877613
bmrb4562.3.PHE.HD%	bmrb4562.3.PHE.CD%	6.958006095859588	20.345750128496036	49.46529211677621	84791.5234375	0.48107914238717964
bmrb4562.3.PHE.HZ	bmrb4562.3.PHE.CZ	7.476857678188113	18.994526424889514	13.065185155117549	22395.84375	0.6697758201125793
bmrb4562.30.CYS.HA	bmrb4562.30.CYS.CA	2.467276848900852	58.18513592223819	22.546943385450437	38649.11328125	0.692738993139743
bmrb4562.31.ALA.HB%	bmrb4562.31.ALA.CB	0.973388086454591	14.564865937562736	134.62822968841186	230774.59375	0.6759933128846028
bmrb4562.33.LYS.HA	bmrb4562.33.LYS.CA	2.5348866474273706	56.01708066187897	20.845273694019156	35732.17578125	0.6505722789662559
bmrb4562.33.LYS.HDx	bmrb4562.33.LYS.CD	0.507691811406616	23.457381451774793	4.706488449458302	8067.68359375	0.5131379438735657
bmrb4562.33.LYS.HDy	bmrb4562.33.LYS.CD	0.5806856601857593	24.103228156926946	12.100965823898525	20743.015625	0.16255901825386992
bmrb4562.33.LYS.HGx	bmrb4562.33.LYS.CG	-0.5401747467386837	20.349083567129597	10.403666890630992	17833.5703125	0.4060688309344741
bmrb4562.33.LYS.HGy	bmrb4562.33.LYS.CG	0.42772696524283305	20.286841379222807	11.165431017385542	19139.357421875	0.6772770179074415
bmrb4562.34.PHE.HA	bmrb4562.34.PHE.CA	4.233754826729909	58.19463090162084	29.227786246169195	50101.16015625	0.17905242093696783
bmrb4562.34.PHE.HBx	bmrb4562.34.PHE.CB	2.243046932467763	36.978083409484775	10.483117611892256	17969.76171875	0.4738574433323985
bmrb4562.34.PHE.HBy	bmrb4562.34.PHE.CB	3.1534803926060793	36.974935812238954	14.384353118747736	24657.111328125	0.6640602347945993
bmrb4562.34.PHE.HD%	bmrb4562.34.PHE.CD%	7.193670776338293	21.199401365440238	21.46407323811467	36792.8984375	0.5534098242210376
bmrb4562.34.PHE.HZ	bmrb4562.34.PHE.CZ	7.430234371455904	20.32368590707751	30.119291019386623	51629.34375	0.3514698305932447
bmrb4562.35.GLU.HA	bmrb4562.35.GLU.CA	4.317410722693285	55.23683694931944	33.73704138497545	57830.75390625	0.34295806343819957
bmrb4562.35.GLU.HBy	bmrb4562.35.GLU.CB	1.9784189735417286	24.908706471469145	35.63314145038442	61080.9765625	0.4156795603420771
bmrb4562.36.SER.HBy	bmrb4562.36.SER.CB	4.457059860243994	10.714079017723847	10.955512709174313	18779.5234375	0.7844652781321187
bmrb4562.37.ASN.HB2	bmrb4562.37.ASN.CB	2.442518341226048	35.306346173833106	32.54477467016891	55787.015625	0.45301772607009144
bmrb4562.38.PHE.HBx	bmrb4562.38.PHE.CB	3.5826573663422696	34.064667887148616	12.764166847369202	21879.849609375	0.6408822009730207
bmrb4562.38.PHE.HD%	bmrb4562.38.PHE.CD%	6.935758865719201	19.681869331776014	36.39196933006182	62381.73046875	0.5578601459178093
bmrb4562.38.PHE.HE%	bmrb4562.38.PHE.CE%	7.337322493452485	20.835952380490667	23.183852635034643	39740.87890625	0.6220616106254807
bmrb4562.38.PHE.HZ	bmrb4562.38.PHE.CZ	6.952227727950684	17.40687959760043	12.096200831552123	20734.84765625	0.8313391019817167
bmrb4562.39.ASN.HBx	bmrb4562.39.ASN.CB	3.4453970119029513	37.1440010748642	11.593322088828737	19872.83203125	0.67185805617169
bmrb4562.4.GLY.HAx	bmrb4562.4.GLY.CA	4.301939660638837	41.55656050415232	14.259744353090262	24443.51171875	0.6911088906327013
bmrb4562.4.GLY.HAy	bmrb4562.4.GLY.CA	3.965595988086127	41.555903136187425	12.126784744646843	20787.2734375	0.8155072471787652
bmrb4562.40.THR.HB	bmrb4562.40.THR.CB	4.593950551213604	12.750278856828864	14.9865048141648	25689.296875	0.8571546848760624
bmrb4562.40.THR.HG2%	bmrb4562.40.THR.CG2	1.5181889393235277	15.39584563289904	242.872703591227	416323.15625	0.23756532075927556
bmrb4562.41.GLN.HA	bmrb4562.41.GLN.CA	4.287101633276691	51.85205015402438	24.4176461100174	41855.80078125	0.544237892180009
bmrb4562.41.GLN.HBx	bmrb4562.41.GLN.CB	1.8360058642439387	26.18052925334868	45.543942690769356	78069.6953125	0.4269649277915127
bmrb4562.41.GLN.HBy	bmrb4562.41.GLN.CB	2.302644314487141	26.999905266197423	16.389313091800805	28093.9375	0.603304311249651
bmrb4562.42.ALA.HB%	bmrb4562.42.ALA.CB	1.2896708519774034	16.33952924315107	127.33600025351765	218274.53125	0.4967087428545295
bmrb4562.43.THR.HB	bmrb4562.43.THR.CB	3.691900574742956	16.184321952781183	42.39841423287946	72677.75	0.5883408041913119
bmrb4562.43.THR.HG2%	bmrb4562.43.THR.CG2	0.9032600964697419	19.744748999447168	163.81727388059676	280809.34375	0.5809509257462014
bmrb4562.44.ASN.HA	bmrb4562.44.ASN.CA	4.945343252737307	50.07310446571284	42.17422031751661	72293.4453125	0.39522978310858736
bmrb4562.44.ASN.HB%	bmrb4562.44.ASN.CB	2.6277776940617628	39.83963742794373	22.510140599035136	38586.02734375	0.4471783171843792
bmrb4562.45.ARG.HA	bmrb4562.45.ARG.CA	4.427274646159429	53.36280562321931	45.09400071141609	77298.421875	0.2205983613121176
bmrb4562.45.ARG.HD%	bmrb4562.45.ARG.CD	3.0495583819617966	40.03509445854837	69.93803729629127	119885.125	0.30392182774133203
bmrb4562.46.ASN.HBx	bmrb4562.46.ASN.CB	2.7167774260291715	38.84738041238583	49.079899718104045	84130.8984375	0.6689805498132653
bmrb4562.46.ASN.HBy	bmrb4562.46.ASN.CB	2.827945617189574	37.91846507494991	11.437994960268586	19606.576171875	0.41111928078793875
bmrb4562.47.THR.HA	bmrb4562.47.THR.CA	4.023275465531391	61.80594075129841	25.294302155291664	43358.53125	0.03328903679477046
bmrb4562.47.THR.HB	bmrb4562.47.THR.CB	4.34127652780769	12.04047595333327	52.28551584609912	89625.84375	0.7290525014353335
bmrb4562.47.THR.HG2%	bmrb4562.47.THR.CG2	1.2903985611353868	19.23019686829425	27.590698038763275	47294.92578125	0.30398567510214103
bmrb4562.48.ASP.HA	bmrb4562.48.ASP.CA	4.490697981625555	52.06794077500349	45.45881545303995	77923.7734375	0.11814712964513835
bmrb4562.48.ASP.HBy	bmrb4562.48.ASP.CB	3.0038023022949627	37.88707311125776	21.765113194560907	37308.9296875	0.5448453170167591
bmrb4562.49.GLY.HAy	bmrb4562.49.GLY.CA	4.278315365009208	42.78252436834911	13.949182387787285	23911.158203125	0.4665989202333391
bmrb4562.5.ARG.HA	bmrb4562.5.ARG.CA	3.3374407341216568	57.825921361756116	21.413100809226904	36705.5234375	0.60074297263106
bmrb4562.5.ARG.HDx	bmrb4562.5.ARG.CD	3.4563568058018888	41.05781702527773	10.224340471350548	17526.17578125	0.8882216541076803
bmrb4562.51.THR.HB	bmrb4562.51.THR.CB	3.7372646662829503	15.264940917980091	14.072861398840583	24123.1640625	0.811382624762612
bmrb4562.51.THR.HG2%	bmrb4562.51.THR.CG2	0.27237170715750203	17.594974368817596	142.83203793649454	244837.25	0.5277321665981345
bmrb4562.52.ASP.HA	bmrb4562.52.ASP.CA	5.170233620632254	49.90234689344696	11.51946128924405	19746.22265625	0.6693373128137257
bmrb4562.52.ASP.HBx	bmrb4562.52.ASP.CB	1.864568866815464	38.899263264609935	10.67056343228711	18291.07421875	0.5744411336318295
bmrb4562.53.TYR.HB3	bmrb4562.53.TYR.CB	2.8349283816844597	40.27548865167848	73.40633644568972	125830.3515625	0.15461694935519
bmrb4562.53.TYR.HE%	bmrb4562.53.TYR.CE%	6.687228731729884	62.11673275469941	25.874651333121832	44353.34375	0.4576847059682632
bmrb4562.54.GLY.HA2	bmrb4562.54.GLY.CA	4.206060589310505	44.09692612601975	9.259128148541402	15871.6455078125	0.5257421556984282
bmrb4562.55.ILE.HA	bmrb4562.55.ILE.CA	4.262361358649615	58.78643799248851	22.827854610478326	39130.640625	0.6261622411633793
bmrb4562.55.ILE.HB	bmrb4562.55.ILE.CB	1.586386182456586	37.41212571326895	17.777802464889408	30474.033203125	0.5497663421071243
bmrb4562.55.ILE.HD1%	bmrb4562.55.ILE.CD1	0.6767916217083467	13.091203800128653	177.10135243830922	303580.40625	0.724698316715217
bmrb4562.55.ILE.HG1x	bmrb4562.55.ILE.CG1	0.9963601735726861	25.939311940465956	19.062868032314956	32676.84375	0.6381493196892247
bmrb4562.55.ILE.HG1y	bmrb4562.55.ILE.CG1	1.4869586703424247	25.935191281540483	18.24866278343148	31281.1640625	0.6415348045236722
bmrb4562.55.ILE.HG2%	bmrb4562.55.ILE.CG2	0.7433043910634343	14.28913590022529	148.9620467704451	255345.078125	0.6286344140871141
bmrb4562.56.LEU.HA	bmrb4562.56.LEU.CA	4.372632516714122	50.52696296970715	17.945946762006393	30762.259765625	0.6390640114036572
bmrb4562.56.LEU.HBx	bmrb4562.56.LEU.CB	1.4344403251018836	39.90195682738347	11.587664942248182	19863.134765625	0.6620773574984201
bmrb4562.56.LEU.HBy	bmrb4562.56.LEU.CB	1.6647721153783461	40.19983509490548	20.457657176489942	35067.73828125	0.513534207858087
bmrb4562.56.LEU.HDx%	bmrb4562.56.LEU.CDx	0.24679012894650398	18.586712579265942	154.72987060986304	265232.0625	0.6962671694906596
bmrb4562.56.LEU.HDy%	bmrb4562.56.LEU.CDy	0.4691301399573984	22.331044532320767	146.32979298788706	250832.96875	0.533890862158559
bmrb4562.56.LEU.HG	bmrb4562.56.LEU.CG	1.1588324576861737	24.71606769957951	22.293872385910827	38215.30859375	0.617046997048321
bmrb4562.57.GLN.HA	bmrb4562.57.GLN.CA	3.3358553698750324	52.59017969566167	14.19136181347724	24326.29296875	0.6646994445968606
bmrb4562.58.ILE.HD1%	bmrb4562.58.ILE.CD1	0.9284665308436946	11.17612775962116	85.44355483013427	146464.09375	0.6952018515850642
bmrb4562.59.ASN.HA	bmrb4562.59.ASN.CA	5.61675320933431	53.7881587973664	9.73698726323072	16690.7734375	0.7721828459736463
bmrb4562.6.CYS.HBx	bmrb4562.6.CYS.CB	2.785722358515022	31.088807141035687	13.119957500187823	22489.732421875	0.5677474066766167
bmrb4562.60.SER.HA	bmrb4562.60.SER.CA	5.11459324302348	57.68383874806553	20.472872792892105	35093.8203125	0.6379175652868784
bmrb4562.60.SER.HB%	bmrb4562.60.SER.CB	4.398631364419527	62.62702969206149	9.646629016447669	16535.884765625	0.7040488210326831
bmrb4562.61.ARG.HBx	bmrb4562.61.ARG.CB	1.3211846515704782	26.626582016258617	19.874819537807422	34068.66015625	0.5011561266367239
bmrb4562.61.ARG.HD%	bmrb4562.61.ARG.CD	2.7211908091495793	40.51002984809205	31.658087301934888	54267.08984375	0.6439400472369307
bmrb4562.62.TRP.HD1	bmrb4562.62.TRP.CD1	7.004996542404613	14.998757443471995	14.487882889089946	24834.578125	0.7559432586323896
bmrb4562.62.TRP.HH2	bmrb4562.62.TRP.CH2	7.161242457245644	14.11436103732683	22.743588763043963	38986.1953125	0.6205180269864143
bmrb4562.63.TRP.HA	bmrb4562.63.TRP.CA	4.951357455636197	57.155995483547336	12.441881542455482	21327.400390625	0.6504827323823705
bmrb4562.63.TRP.HB3	bmrb4562.63.TRP.CB	3.399102452546451	31.064655766258646	11.25867765622936	19299.197265625	0.6191992746387242
bmrb4562.63.TRP.HZ2	bmrb4562.63.TRP.CZ2	7.195524379926723	57.95919836137435	12.784621448661074	21914.912109375	0.759678493014493
bmrb4562.64.CYS.HA	bmrb4562.64.CYS.CA	5.800859504829	50.39465349328234	16.005781341742143	27436.501953125	0.7090237916968196
bmrb4562.65.ASN.HA	bmrb4562.65.ASN.CA	5.386663062938553	49.24069991927064	16.460717333877398	28216.3359375	0.3721987977445133
bmrb4562.65.ASN.HBx	bmrb4562.65.ASN.CB	2.4341922296872696	37.96397260085669	11.156839902538131	19124.630859375	0.6601301364404474
bmrb4562.66.ASP.HA	bmrb4562.66.ASP.CA	4.890278283832968	48.86044981048637	26.338553304399564	45148.546875	0.009947376986696245
bmrb4562.67.GLY.HAx	bmrb4562.67.GLY.CA	3.7809496001506187	43.14692048479284	20.439460876209683	35036.546875	0.5241984844848893
bmrb4562.67.GLY.HAy	bmrb4562.67.GLY.CA	4.057014592920186	44.122517910014	10.352923482178813	17746.587890625	0.5569528635978274
bmrb4562.68.ARG.HBy	bmrb4562.68.ARG.CB	1.7997128856769304	28.938485182092514	32.971534312296	56518.55078125	0.4205823041190463
bmrb4562.68.ARG.HGy	bmrb4562.68.ARG.CG	1.4365640047764838	23.946241678207514	35.86270424282433	61474.484375	0.23783059733838546
bmrb4562.69.THR.HB	bmrb4562.69.THR.CB	4.1523874545147414	13.49613383150028	17.26585519655985	29596.47265625	0.654813512663074
bmrb4562.69.THR.HG2%	bmrb4562.69.THR.CG2	0.8418143075045315	16.842616002922405	168.07491190083758	288107.625	0.4220863632410323
bmrb4562.7.GLU.HGx	bmrb4562.7.GLU.CG	2.2538125391818866	32.42749702374323	44.37878698215371	76072.4296875	0.314462327567304
bmrb4562.7.GLU.HGy	bmrb4562.7.GLU.CG	2.428652444418459	32.427330441182576	48.60444417858324	83315.890625	0.30459609526330383
bmrb4562.70.PRO.HDx	bmrb4562.70.PRO.CD	3.5961259738502562	48.754922162520735	19.316091712144956	33110.91015625	0.5909388295376279
bmrb4562.70.PRO.HGx	bmrb4562.70.PRO.CG	1.7897769796981748	24.8514988178897	29.844250009702748	51157.87890625	0.2512979026696644
bmrb4562.72.SER.HA	bmrb4562.72.SER.CA	4.418240850456119	55.36665309994603	19.380333653434967	33221.03125	0.24088719484038298
bmrb4562.72.SER.HBy	bmrb4562.72.SER.CB	4.125461752750036	61.62565383586036	40.9991381112152	70279.1640625	0.3585376127721784
bmrb4562.73.ARG.HBx	bmrb4562.73.ARG.CB	1.5319099871851982	26.990003157727443	30.762286971293754	52731.54296875	0.4037408989506273
bmrb4562.73.ARG.HBy	bmrb4562.73.ARG.CB	1.421880338605467	26.9378673225576	14.330366963232464	24564.5703125	0.2990201933749243
bmrb4562.74.ASN.HA	bmrb4562.74.ASN.CA	3.728637716923094	49.74754320767316	15.426400658291326	26443.349609375	0.8871718991132701
bmrb4562.74.ASN.HBx	bmrb4562.74.ASN.CB	1.968587448401319	34.85369949062458	9.964123122696488	17080.12109375	0.6987842024642749
bmrb4562.74.ASN.HBy	bmrb4562.74.ASN.CB	3.0310427145272154	34.76620472582982	52.63353119815929	90222.3984375	0.3138469200276302
bmrb4562.75.LEU.HBx	bmrb4562.75.LEU.CB	2.022078850035042	39.36503422169879	16.411516680001267	28131.998046875	0.16006888999668414
bmrb4562.75.LEU.HBy	bmrb4562.75.LEU.CB	1.4434472864179977	39.38220957097765	11.680783967714955	20022.755859375	0.35610009282686367
bmrb4562.75.LEU.HG	bmrb4562.75.LEU.CG	1.6136199346239017	20.61308258714621	142.47834834677653	244230.96875	0.6567690144832152
bmrb4562.77.ASN.HA	bmrb4562.77.ASN.CA	4.115041842231582	51.01447384467118	27.738973388836605	47549.09375	0.15274496600453807
bmrb4562.77.ASN.HBx	bmrb4562.77.ASN.CB	2.4684896079002066	34.493294784977806	53.56836754931399	91824.859375	0.704093620077155
bmrb4562.77.ASN.HBy	bmrb4562.77.ASN.CB	3.1312127193515717	34.489428216695316	52.41233163953636	89843.2265625	0.5363689202563271
bmrb4562.78.ILE.HA	bmrb4562.78.ILE.CA	4.95224566339941	54.1270705512737	23.186853828205475	39746.0234375	0.6250674435818484
bmrb4562.78.ILE.HG2%	bmrb4562.78.ILE.CG2	0.7893509003332717	16.584663700765482	161.17830216526147	276285.71875	0.12614228447107767
bmrb4562.79.PRO.HA	bmrb4562.79.PRO.CA	5.1395929913912015	58.455049630155386	15.345915357151886	26305.384765625	0.6006370861690353
bmrb4562.79.PRO.HBy	bmrb4562.79.PRO.CB	2.2540233466632795	29.186959397249765	29.10850647840845	49896.6953125	0.588336694297657
bmrb4562.79.PRO.HDy	bmrb4562.79.PRO.CD	3.809172506356859	48.50679110693492	19.1493762290888	32825.1328125	0.6808574010508389
bmrb4562.8.LEU.HDx%	bmrb4562.8.LEU.CDx	-0.09976584227980467	19.83514180233348	157.80876209683305	270509.78125	0.41585279047192036
bmrb4562.8.LEU.HDy%	bmrb4562.8.LEU.CDy	0.5189656139276924	25.94516254556344	160.8655764695745	275749.65625	0.8830120359960608
bmrb4562.81.SER.HA	bmrb4562.81.SER.CA	3.6972591047019137	57.52716295324833	18.923039092634706	32437.154296875	0.603459821064995
bmrb4562.81.SER.HBy	bmrb4562.81.SER.CB	3.842165288352154	59.07001697110287	19.03285724001178	32625.400390625	0.3469365795826158
bmrb4562.82.ALA.HB%	bmrb4562.82.ALA.CB	1.3176801881192617	15.080654208490941	203.12766315480636	348193.71875	0.7717270725134506
bmrb4562.83.LEU.HDx%	bmrb4562.83.LEU.CDx	0.689314559726947	19.977367006869393	158.14081210390094	271078.96875	0.6066663448709021
bmrb4562.83.LEU.HDy%	bmrb4562.83.LEU.CDy	0.9692190500663518	24.48477054559686	203.55999904574819	348934.8125	0.4337318752284547
bmrb4562.83.LEU.HG	bmrb4562.83.LEU.CG	1.5479972993736784	24.466804275310295	94.01617485311465	161158.953125	0.18962588821648171
bmrb4562.84.LEU.HBx	bmrb4562.84.LEU.CB	1.624784966039611	41.06346794277191	28.717774827193185	49226.91796875	0.7175944428250218
bmrb4562.84.LEU.HG	bmrb4562.84.LEU.CG	1.6554067350519315	23.829172303275215	17.765936699634644	30453.693359375	0.5854714247834267
bmrb4562.85.SER.HBx	bmrb4562.85.SER.CB	3.741399342111956	61.364341107537	25.062852507919757	42961.7890625	0.3123938546417296
bmrb4562.86.SER.HA	bmrb4562.86.SER.CA	4.126658010915859	58.22890285297444	3.260754506970489	5589.46142578125	0.5381002057351556
bmrb4562.86.SER.HBy	bmrb4562.86.SER.CB	3.834096216494414	60.408675662063	38.76646460028421	66452.0	0.20487748640494566
bmrb4562.87.ASP.HBy	bmrb4562.87.ASP.CB	2.863621061394783	38.53395838327663	12.483066481086052	21397.998046875	0.4546416699971925
bmrb4562.88.ILE.HB	bmrb4562.88.ILE.CB	1.8049683339581915	36.03567246784216	22.275338821705525	38183.5390625	0.5770724302647711
bmrb4562.88.ILE.HD1%	bmrb4562.88.ILE.CD1	0.15898199608604102	12.566826973438204	145.05272034760404	248643.859375	0.5397907649603034
bmrb4562.88.ILE.HG1x	bmrb4562.88.ILE.CG1	0.3195095113724573	21.652975166067705	13.618196585131546	23343.794921875	0.008567741893361954
bmrb4562.88.ILE.HG1y	bmrb4562.88.ILE.CG1	1.1269475013352857	21.581976555916214	135.29281281033212	231913.796875	0.5747951362528543
bmrb4562.89.THR.HA	bmrb4562.89.THR.CA	3.0199718050605906	12.122225545668286	28.164279149989515	48278.13671875	0.8110313042596391
bmrb4562.89.THR.HB	bmrb4562.89.THR.CB	4.0223214336286315	11.58727061308931	20.138054031304446	34519.88671875	0.7685429111863294
bmrb4562.89.THR.HG2%	bmrb4562.89.THR.CG2	1.0165488761983728	18.428206415451506	32.5771201036289	55842.4609375	0.23941465963179567
bmrb4562.91.SER.HBx	bmrb4562.91.SER.CB	3.4496333657188387	60.56075655248435	14.675787889761127	25156.677734375	0.6005167111872463
bmrb4562.91.SER.HBy	bmrb4562.91.SER.CB	3.882717572573183	60.40789455928088	41.3865358629552	70943.2265625	0.19133617841903236
bmrb4562.92.VAL.HB	bmrb4562.92.VAL.CB	1.8040120023917563	27.302795045566533	48.49922694921066	83135.53125	0.1776037959130769
bmrb4562.92.VAL.HG1%	bmrb4562.92.VAL.CG1	0.445366595212235	19.995427431421767	153.40735849211123	262965.0625	0.5702042673408608
bmrb4562.94.CYS.HA	bmrb4562.94.CYS.CA	4.9736074184938115	53.14031045811802	22.51341297063219	38591.63671875	0.8477659272329975
bmrb4562.94.CYS.HB2	bmrb4562.94.CYS.CB	2.598512846082185	32.08778787886932	14.576509240041688	24986.498046875	0.2822234239128728
bmrb4562.94.CYS.HB3	bmrb4562.94.CYS.CB	3.3463056389406045	31.939504476702282	11.858846786681635	20327.984375	0.6720379497840978
bmrb4562.95.ALA.HA	bmrb4562.95.ALA.CA	3.989756015755317	52.34254028142797	22.481685094764682	38537.25	0.45903607817370373
bmrb4562.96.LYS.HB2	bmrb4562.96.LYS.CB	1.6025205481531675	30.002175075471726	5.098187455647764	8739.119140625	0.44994633953902696
bmrb4562.96.LYS.HD3	bmrb4562.96.LYS.CD	1.2324172005673741	27.71778854416928	11.861190543079662	20332.001953125	0.8370894532087164
bmrb4562.96.LYS.HG3	bmrb4562.96.LYS.CG	1.070051955345054	23.35248209472138	23.653554178536954	40546.0234375	0.44966646293371193
bmrb4562.97.LYS.HB2	bmrb4562.97.LYS.CB	1.9816595580523995	29.131418425224695	24.874121438513246	42638.2734375	0.21459554180569698
bmrb4562.97.LYS.HB3	bmrb4562.97.LYS.CB	2.1325159273405863	29.008288360342462	59.595210083165895	102155.84375	0.17523253744505737
bmrb4562.98.ILE.HA	bmrb4562.98.ILE.CA	2.767336741541264	62.65757232889121	15.5784679487111	26704.017578125	0.5873881954514373
bmrb4562.98.ILE.HD1%	bmrb4562.98.ILE.CD1	-0.04640102667850954	11.86705051742831	59.45668120476428	101918.3828125	0.9051645682901996
bmrb4562.98.ILE.HG2%	bmrb4562.98.ILE.CG2	-0.31847834289985677	13.154401200684497	80.87718358985973	138636.59375	0.36024611786124244
bmrb4562.99.VAL.HGy%	bmrb4562.99.VAL.CGy	1.1548954633361408	19.000355983739347	26.322692784681266	45121.359375	0.26052651517957826
