H_Assignment	C_Assignment	H_ppm	C_ppm	Distance	Intensity
73.ARG.HBx	73.ARG.CB	1.5240073422864526	99.50549422537142	0.3269390125565668	111266.25
13.LYS.HDy	13.LYS.CD	1.6953627493337358	98.70635469584343	0.3386846592336641	98451.3828125
105.MET.HBy	105.MET.CB	0.31360893276526625	97.93047580473936	0.8101324614971186	145372.78125
83.LEU.HDy%	83.LEU.CDy	0.7923477802256578	96.64549518236596	1.1822851221297477	117174.1171875
68.ARG.HGy	68.ARG.CG	1.314305730330224	96.2058471635718	0.8291212058669265	119499.140625
33.LYS.HDy	33.LYS.CD	0.612041245904404	95.8639367787212	0.27619701519671447	234592.78125
17.LEU.HG	17.LEU.CG	0.7862525365814577	94.96508935027386	0.8032632635955059	214260.03125
88.ILE.HG1x	88.ILE.CG1	0.25714759015652255	94.42620878532693	0.6460415936397287	145080.46875
21.ARG.HD%	21.ARG.CD	2.968100561286274	94.47918304285605	0.5933148163891777	823058.3125
46.ASN.HBx	46.ASN.CB	2.779362563950629	93.39247122338213	0.5430870570814716	303110.84375
13.LYS.HE%	13.LYS.CE	2.8998642238707006	93.38059564723224	0.17205408621324406	356123.0
129.LEU.HDx%	129.LEU.CDx	0.7463588073463985	92.6712526929963	0.32287807231954324	165600.828125
75.LEU.HBy	75.LEU.CB	1.426745306980873	92.42205611398282	0.6652329569211006	153536.15625
17.LEU.HBx	17.LEU.CB	0.2197291352797368	91.87873347818481	0.551823810591184	123629.9921875
120.VAL.HGy%	120.VAL.CGy	1.0282139500679985	91.62522953410539	0.1770770273251947	143522.28125
43.THR.HG2%	43.THR.CG2	0.8721218588343795	91.66998942212301	0.21934075943881196	690623.4375
29.VAL.HGx%	29.VAL.CGx	0.8142611260792645	91.60417410753774	0.05522558234033889	344687.46875
92.VAL.HG1%	92.VAL.CG1	0.46867292500625446	91.63981049616326	0.3012357054736766	133800.078125
33.LYS.HGx	33.LYS.CG	-0.3382297211719205	91.58103905978513	1.4479775271672686	137479.390625
83.LEU.HDx%	83.LEU.CDx	0.6902768793786738	91.49664400702608	0.3415367622066495	138843.421875
99.VAL.HGy%	99.VAL.CGy	1.173031835592754	90.84945355070771	0.17147781105424537	106732.6171875
2.VAL.HGx%	2.VAL.CGx	0.8045442406664645	90.63007686111905	0.24450722244460796	279543.40625
2.VAL.HGy%	2.VAL.CGy	0.9213834024554579	90.3590295010615	0.08363288515838117	287566.21875
8.LEU.HDx%	8.LEU.CDx	0.029567377335890654	90.40117470148863	1.303035400655199	164320.0625
78.ILE.HG2%	78.ILE.CG2	0.8185608401093312	88.55913695416619	0.1984082968371635	135173.03125
107.ALA.HB%	107.ALA.CB	0.5693090746446074	88.25932481055467	0.28803677243929354	189552.046875
110.ALA.HB%	110.ALA.CB	1.3371580557425204	88.14506961763817	0.3334056768898625	165430.203125
122.ALA.HB%	122.ALA.CB	1.059744788078321	87.78483200087636	0.1284690329542174	209532.71875
10.ALA.HB%	10.ALA.CB	1.414649434426634	87.67475966409293	0.37760310528706037	259447.03125
31.ALA.HB%	31.ALA.CB	0.918479255754221	87.60446041789467	0.765294155771629	338111.34375
82.ALA.HB%	82.ALA.CB	1.2829648385665067	87.38809501978184	0.2956450061459421	386954.78125
55.ILE.HG2%	55.ILE.CG2	0.7602267947573296	86.38673192709167	0.12111803165607876	150142.625
55.ILE.HD1%	55.ILE.CD1	0.6200299788622434	85.55386162117469	0.47520409057276497	155916.21875
7.GLU.HGx	7.GLU.CG	2.2504787436278733	85.41184630299023	0.6932027402987078	173688.90625
121.GLN.HGy	121.GLN.CG	2.363080670560999	85.41900449327797	0.6624338160284172	176343.265625
105.MET.HGy	105.MET.CG	0.4649373154896903	84.9081980093134	0.260514990133594	302525.90625
98.ILE.HG2%	98.ILE.CG2	-0.263767925389633	84.84976038567773	0.4280748025458795	190932.890625
105.MET.HGx	105.MET.CG	-0.08109076634030998	84.41760597994309	0.26390008628180744	124114.8671875
