H_Assignment	C_Assignment	H_ppm	C_ppm	S/N_Ratio	Height	Assignment_Distance
5.ARG.HG2	5.ARG.CG	1.6713447034973061	27.81655337318142	4.71495822594535	49099.27734375	0.2979448513862261
11.ALA.HA	11.ALA.CA	4.317590753506892	55.270301918055296	5.145623498314849	53584.015625	0.6278040574756706
12.MET.HG3	12.MET.CG	2.7674229490634072	36.15826927720079	5.634330469622506	58673.171875	0.7534051581433182
13.LYS.HB3	13.LYS.CB	2.250700347582246	32.46257235769854	6.588689931773405	68611.40625	0.7193893389973264
13.LYS.HG2	13.LYS.CG	1.4873601408487112	25.915909243151695	3.0313273290778575	31566.765625	0.8436295670490296
20.TYR.HA	20.TYR.CA	4.282359667042266	60.65546028647286	4.414983274154477	45975.484375	0.5311800556800235
32.ALA.HA	32.ALA.CA	4.063144017929046	55.79825862084133	5.340971395995494	55618.2734375	0.8690634007330655
34.PHE.HB2	34.PHE.CB	2.2859314340468693	39.85396619670304	3.7463373206968824	39012.53125	0.4837518590700384
35.GLU.HB2	35.GLU.CB	1.804439919030333	27.710962032624217	6.54018849644819	68106.3359375	0.33928681550964296
35.GLU.HB3	35.GLU.CB	2.0891595467211737	27.83075928824632	4.220336838863492	43948.53125	0.7856033191228249
37.ASN.HA	37.ASN.CA	4.458515099365389	54.531162534154845	4.156309452571437	43281.78125	0.6882026989759311
39.ASN.HB3	39.ASN.CB	2.8693731922317305	39.866454576840056	11.161178145470359	116227.0703125	0.394480352672025
41.GLN.HG3	41.GLN.CG	2.4516737503124055	35.30514744401477	5.258087050169659	54755.15625	0.18075382382442606
41.GLN.HB2	41.GLN.CB	1.9179623087496793	29.717197503211153	4.120626023298117	42910.19140625	0.538480795277131
41.GLN.HB3	41.GLN.CB	2.385087675444378	29.684385496826152	3.204117771784088	33366.12109375	0.5388379851166354
41.GLN.HA	41.GLN.CA	4.419369447738029	55.37589325861251	3.1856074171957878	33173.36328125	0.9240459286007596
42.ALA.HB2	42.ALA.CB	1.3151192736883246	19.474837469162054	62.984822623324916	655893.25	0.7179523744004848
45.ARG.HG2	45.ARG.CG	1.6537824407844823	26.98179917430864	5.623451050538396	58559.87890625	0.3030859447854384
48.ASP.HB3	48.ASP.CB	3.10407555305871	40.38192289948908	24.78087918557591	258056.0	0.09898155073620071
48.ASP.HB2	48.ASP.CB	2.6695588199950055	40.48751424004629	6.74068220218303	70194.1796875	0.1552793790512408
55.ILE.HB	55.ILE.CB	1.6674301383345718	40.17074021837466	3.2996948357269797	34361.4140625	0.28354114974901895
55.ILE.HA	55.ILE.CA	4.325419883832364	61.605782351487726	5.911781726660926	61562.4140625	0.46531310230212786
56.LEU.HA	56.LEU.CA	4.423284012900766	53.36965778802556	7.102666054106195	73963.703125	0.17358968976509304
57.GLN.HA	57.GLN.CA	3.4133262009148595	55.587075939726915	3.325604680742241	34631.2265625	0.6706360922240705
62.TRP.HB3	62.TRP.CB	1.8983894829359986	31.40665895212647	3.2850410238274956	34208.81640625	0.7829478525430948
66.ASP.HB2	66.ASP.CB	3.3311203324974006	41.64901898617556	8.517959078297176	88701.875	0.8631566800259107
68.ARG.HG2	68.ARG.CG	1.5265057924760725	26.971822648723766	4.940804733033073	51451.1328125	0.63175541499195
70.PRO.HG3	70.PRO.CG	1.9766807861907214	27.81655337318142	4.6620747138094405	48548.57421875	0.3005302595215519
70.PRO.HG2	70.PRO.CG	1.8749020919595818	27.710962032624217	3.241771297565691	33758.2265625	0.3128742292768736
73.ARG.HG3	73.ARG.CG	1.8944749177732625	26.86623130816656	9.424772144290813	98144.984375	0.5842974359318257
73.ARG.HG2	73.ARG.CG	1.8083544841930692	27.288596670395386	8.38542845050803	87321.765625	0.7171295680337858
75.LEU.HG	75.LEU.CG	1.6635155731718356	23.804082432007547	3.729141364083644	38833.4609375	0.6122158146545308
76.CYS.HA	76.CYS.CA	4.489831620667278	56.11503264251295	3.788328284773474	39449.8046875	0.431503277704422
77.ASN.HA	77.ASN.CA	4.21972662443849	53.68643180969719	3.308209163705848	34450.078125	0.5103266564235682
79.PRO.HD3	79.PRO.CD	3.820440977839411	51.25783097688142	3.411436293945376	35525.03515625	0.7947900508738148
79.PRO.HG3	79.PRO.CG	2.090203175910066	27.81655337318142	4.182703944328644	43556.640625	0.7966247169858555
90.ALA.HA	90.ALA.CA	4.094460539230935	56.326215323627366	7.647721086550237	79639.640625	0.6027008561894199
95.ALA.HA	95.ALA.CA	4.133606190858297	55.69266728028413	5.1741283790582715	53880.8515625	0.55653267642685
96.LYS.HA	96.LYS.CA	3.7617225003983688	58.2268594536571	4.654666220656623	48471.42578125	0.7427919595528366
97.LYS.HB3	97.LYS.CB	2.252195786019353	32.43017926227156	6.85980852139887	71434.703125	0.7370744238027955
99.VAL.HB	99.VAL.CB	2.4295043167489236	32.42995953541809	7.775723343233518	80972.59375	0.2062662598712848
101.ASP.HB2	101.ASP.CB	3.112628748919196	39.65441957304566	21.438165574570377	223246.609375	0.10523511599001208
103.ASN.HB3	103.ASN.CB	2.717526339878207	38.83763343188	7.736183371271383	80560.84375	0.7448796556181186
107.ALA.HA	107.ALA.CA	3.843928368815826	54.214388512483225	4.542554150223798	47303.9453125	0.5215533876891664
114.ARG.HG2	114.ARG.CG	0.9936473170773468	25.934510500883825	3.212791147919756	33456.44140625	0.6580130028578084
114.ARG.HG3	114.ARG.CG	1.115476450388785	26.655048627052146	3.0592496584356432	31857.53515625	0.8769639873701555
116.LYS.HG3	116.LYS.CG	1.6693692625326157	24.272186426068316	9.056670189920942	94311.75	0.42355103917678505
116.LYS.HG2	116.LYS.CG	1.5460786182897532	24.437630475350794	14.0738442961683	146558.15625	0.5331423037951004
116.LYS.HA	116.LYS.CA	3.425069896403066	58.64922481588593	3.54406932774114	36906.2109375	0.6509255875071697
119.ASP.HA	119.ASP.CA	4.975237700846551	53.158475106911155	3.560954690312326	37082.046875	0.7640840366187112
121.GLN.HG2	121.GLN.CG	2.469915996695466	34.49160501800585	7.893590781283746	82200.0078125	0.6019142836165404
122.ALA.HB2	122.ALA.CB	1.1585366671788808	18.94688076637602	4.218225699650122	43926.546875	0.9024008162634349
125.ARG.HG3	125.ARG.CG	1.7186190987749725	27.66787542939575	12.143907447476831	126460.734375	0.6332474259500327
128.ARG.HB2	128.ARG.CB	1.7942408807550816	28.92463730498705	5.625038156084197	58576.40625	0.42657042537288015
