H_Assignment	C_Assignment	H_ppm	C_ppm
1.LYS.HBx	1.LYS.CB	1.62356215721133	31.452651095577835
1.LYS.HBy	1.LYS.CB	1.8975770147453321	31.464465668515835
1.LYS.HDx	1.LYS.CD	0.6142496248801628	21.64488066845157
1.LYS.HDy	1.LYS.CD	0.9664507477837763	20.870740115961333
1.LYS.HGx	1.LYS.CG	1.0348688631600353	26.632659912109375
10.ALA.HA	10.ALA.CA	3.893187105055274	52.494305301909996
10.ALA.HB%	10.ALA.CB	1.4709127371672572	15.578012159511829
100.SER.HBy	100.SER.CB	4.067769836214879	60.991043611559135
101.ASP.HB%	101.ASP.CB	3.0133361553850726	35.98698703406496
102.GLY.HAy	102.GLY.CA	4.101691249282316	43.075532846334
104.GLY.HAy	104.GLY.CA	4.120667118244244	44.170449379591574
105.MET.HA	105.MET.CA	3.743032969430045	54.371015921070786
105.MET.HBy	105.MET.CB	0.3905887706770752	26.839259711029406
105.MET.HE%	105.MET.CE	-0.049591496440468674	12.961006954098984
105.MET.HGx	105.MET.CG	-0.07200210723212308	30.779262329207477
105.MET.HGy	105.MET.CG	0.503052956715651	30.798422797823655
106.ASN.HBx	106.ASN.CB	2.6752973021786985	36.29040585215567
106.ASN.HBy	106.ASN.CB	2.908007766006099	35.807936484976636
107.ALA.HA	107.ALA.CA	3.821874131229773	51.244552456159774
107.ALA.HB%	107.ALA.CB	0.5765106954437549	15.801822110892786
108.TRP.HA	108.TRP.CA	4.568544270092927	57.60140291211244
108.TRP.HZ2	108.TRP.CZ2	6.892709534999369	55.7386458292693
109.VAL.HA	109.VAL.CA	3.595637743305229	63.74476227106754
109.VAL.HGx%	109.VAL.CGx	0.9137637953836109	18.099231511427774
110.ALA.HB%	110.ALA.CB	1.2878093190291509	16.194687330448843
111.TRP.HBx	111.TRP.CB	2.7580689923909762	25.79596992535795
111.TRP.HZ2	111.TRP.CZ2	7.415571596385437	58.086341563024504
112.ARG.HA	112.ARG.CA	3.351668439703536	57.2831866434532
112.ARG.HBx	112.ARG.CB	1.939942748037721	27.29675241863417
112.ARG.HBy	112.ARG.CB	1.9775103973288015	27.834725700330452
112.ARG.HDy	112.ARG.CD	3.329777582768749	41.66028872311877
113.ASN.HA	113.ASN.CA	4.407271006728253	52.24048647272168
114.ARG.HA	114.ARG.CA	4.210284847492765	51.45935350584903
114.ARG.HDy	114.ARG.CD	2.6006022697277196	38.99585811471958
114.ARG.HGy	114.ARG.CG	0.998512599043254	23.126455414579212
115.CYS.HA	115.CYS.CA	4.426223684925954	57.53844532801009
115.CYS.HBx	115.CYS.CB	2.426246921547442	42.85646663357869
116.LYS.HA	116.LYS.CA	3.4118887319218807	55.592960933788866
116.LYS.HBx	116.LYS.CB	-0.25458981832412064	29.04499364561851
116.LYS.HBy	116.LYS.CB	1.1592345553734642	28.728460648797373
117.GLY.HAx	117.GLY.CA	3.712740993095103	42.706297855176246
118.THR.HB	118.THR.CB	4.277672161024929	15.392907843581355
12.MET.HA	12.MET.CA	3.4264315511590944	58.66138770925753
12.MET.HBy	12.MET.CB	1.5319335214056888	30.27966181993962
12.MET.HGy	12.MET.CG	2.6980720064754387	33.083671016882775
120.VAL.HA	120.VAL.CA	4.211458855665866	61.38737635146525
120.VAL.HGy%	120.VAL.CGy	1.0319931635971464	19.856651017082505
121.GLN.HBx	121.GLN.CB	2.0811508783671684	24.931257097852807
121.GLN.HBy	121.GLN.CB	2.14294473785613	25.3698020147124
121.GLN.HGy	121.GLN.CG	2.4588597513180037	31.659920231976614
122.ALA.HA	122.ALA.CA	3.7888510504188826	52.39890719279864
122.ALA.HB%	122.ALA.CB	1.0533420764138697	15.935096089518538
123.TRP.HA	123.TRP.CA	4.081505548165714	57.40979651405493
123.TRP.HBx	123.TRP.CB	3.32501775680862	25.500503039212994
123.TRP.HBy	123.TRP.CB	3.4802359161132834	26.066079381000755
123.TRP.HD1	123.TRP.CD1	7.521185203791938	16.081562817854284
123.TRP.HZ2	123.TRP.CZ2	7.740946530243479	59.30237905011168
123.TRP.HZ3	123.TRP.CZ3	7.006055432997911	11.164830380596712
124.ILE.HB	124.ILE.CB	2.184708944835174	35.81772591042689
124.ILE.HD1%	124.ILE.CD1	0.9206411038727165	12.007986966569803
125.ARG.HBy	125.ARG.CB	1.7166972071216282	27.664333542280666
125.ARG.HDy	125.ARG.CD	3.1215678850897053	40.775565319711966
125.ARG.HGy	125.ARG.CG	1.6355254556478531	24.42130472985866
127.CYS.HBy	127.CYS.CB	3.0545190850374375	32.100404349087725
128.ARG.HA	128.ARG.CA	4.318019431722401	53.81542572169397
128.ARG.HGx	128.ARG.CG	1.495470546921121	24.01856401174144
129.LEU.HA	129.LEU.CA	4.25059521904123	52.76994413044931
129.LEU.HBy	129.LEU.CB	1.429849434824762	41.0710909138109
129.LEU.HDx%	129.LEU.CDx	0.7008369797841656	20.805107191263495
13.LYS.HDy	13.LYS.CD	1.6549653340217905	26.982915380682243
13.LYS.HE%	13.LYS.CE	2.9102455478245925	39.593257767576574
13.LYS.HG%	13.LYS.CG	1.4708136276359127	22.80397018143838
14.ARG.HA	14.ARG.CA	4.064382834805784	55.82300052412452
14.ARG.HBy	14.ARG.CB	1.8110302324790677	26.86044233131578
14.ARG.HDy	14.ARG.CD	3.104205155533103	40.396721810203985
14.ARG.HGy	14.ARG.CG	1.6095479470294265	24.93241919813726
15.HIS.HA	15.HIS.CA	4.54994511292055	53.48433332851217
15.HIS.HBx	15.HIS.CB	2.5307519417326017	26.210829153432172
15.HIS.HBy	15.HIS.CB	3.690376898227834	26.200450055423637
16.GLY.HAx	16.GLY.CA	3.885058913921565	44.73427598770654
17.LEU.HBx	17.LEU.CB	0.21838496692738651	38.68274123102637
17.LEU.HDx%	17.LEU.CDx	-0.7232917239327588	18.21881465420745
17.LEU.HG	17.LEU.CG	0.6727721978550711	22.528637127688505
18.ASP.HBx	18.ASP.CB	2.3431118546083667	38.62452801492311
19.ASN.HBx	19.ASN.CB	2.733178268987597	34.33281478019801
2.VAL.HA	2.VAL.CA	4.880515539542548	59.44997205479598
2.VAL.HGx%	2.VAL.CGx	0.8407513253018326	18.540119635933976
2.VAL.HGy%	2.VAL.CGy	0.9230921272322092	18.45181791369641
20.TYR.HE%	20.TYR.CE%	6.936515664129416	62.137155444326
21.ARG.HA	21.ARG.CA	3.5727693351800713	53.24177555091366
21.ARG.HBx	21.ARG.CB	1.713357557878254	25.18852084029742
21.ARG.HD%	21.ARG.CD	3.004054399192384	39.64144954600668
21.ARG.HGy	21.ARG.CG	1.1787717811987868	25.18400835864655
22.GLY.HAx	22.GLY.CA	3.415063835749269	41.655869036287086
22.GLY.HAy	22.GLY.CA	3.842624310181902	42.44184342054242
23.TYR.HBx	23.TYR.CB	2.4603527258297433	36.31560671972225
23.TYR.HBy	23.TYR.CB	3.2002351534899276	35.84292848988922
25.LEU.HA	25.LEU.CA	4.3688051147779134	56.0673496999172
25.LEU.HBx	25.LEU.CB	1.606046977872369	38.841104501896226
25.LEU.HBy	25.LEU.CB	1.6708799175754852	38.88516091923743
25.LEU.HDx%	25.LEU.CDx	0.8319280085565328	20.311658731793322
26.GLY.HAx	26.GLY.CA	4.100180161185897	44.726783422843184
26.GLY.HAy	26.GLY.CA	3.629418384103266	45.4204054122614
27.ASN.HA	27.ASN.CA	4.060967207063769	53.125972777430874
27.ASN.HBy	27.ASN.CB	2.815841307557557	37.16035267501702
28.TRP.HA	28.TRP.CA	3.725167584165346	56.379808485572326
28.TRP.HBy	28.TRP.CB	3.2415214634776124	27.229458224993493
28.TRP.HD1	28.TRP.CD1	7.247143989722931	17.323076057649303
29.VAL.HB	29.VAL.CB	1.8256041121088096	29.143192315463892
29.VAL.HGx%	29.VAL.CGx	0.822508272543196	19.580470398715818
3.PHE.HA	3.PHE.CA	4.17489132114838	56.44637575289613
3.PHE.HBy	3.PHE.CB	3.1148520010444525	39.66195012688953
3.PHE.HD%	3.PHE.CD%	6.958006095859588	20.345750128496036
3.PHE.HZ	3.PHE.CZ	7.476857678188113	18.994526424889514
30.CYS.HA	30.CYS.CA	2.467276848900852	58.18513592223819
31.ALA.HB%	31.ALA.CB	0.973388086454591	14.564865937562736
33.LYS.HA	33.LYS.CA	2.5348866474273706	56.01708066187897
33.LYS.HDx	33.LYS.CD	0.507691811406616	23.457381451774793
33.LYS.HDy	33.LYS.CD	0.5806856601857593	24.103228156926946
33.LYS.HGx	33.LYS.CG	-0.5401747467386837	20.349083567129597
33.LYS.HGy	33.LYS.CG	0.42772696524283305	20.286841379222807
34.PHE.HA	34.PHE.CA	4.233754826729909	58.19463090162084
34.PHE.HBx	34.PHE.CB	2.243046932467763	36.978083409484775
34.PHE.HBy	34.PHE.CB	3.1534803926060793	36.974935812238954
34.PHE.HD%	34.PHE.CD%	7.193670776338293	21.199401365440238
34.PHE.HZ	34.PHE.CZ	7.430234371455904	20.32368590707751
35.GLU.HA	35.GLU.CA	4.317410722693285	55.23683694931944
35.GLU.HBy	35.GLU.CB	1.9784189735417286	24.908706471469145
36.SER.HBy	36.SER.CB	4.457059860243994	10.714079017723847
37.ASN.HB2	37.ASN.CB	2.442518341226048	35.306346173833106
38.PHE.HBx	38.PHE.CB	3.5826573663422696	34.064667887148616
38.PHE.HD%	38.PHE.CD%	6.935758865719201	19.681869331776014
38.PHE.HE%	38.PHE.CE%	7.337322493452485	20.835952380490667
38.PHE.HZ	38.PHE.CZ	6.952227727950684	17.40687959760043
39.ASN.HBx	39.ASN.CB	3.4453970119029513	37.1440010748642
4.GLY.HAx	4.GLY.CA	4.301939660638837	41.55656050415232
4.GLY.HAy	4.GLY.CA	3.965595988086127	41.555903136187425
40.THR.HB	40.THR.CB	4.593950551213604	12.750278856828864
40.THR.HG2%	40.THR.CG2	1.5181889393235277	15.39584563289904
41.GLN.HA	41.GLN.CA	4.287101633276691	51.85205015402438
41.GLN.HBx	41.GLN.CB	1.8360058642439387	26.18052925334868
41.GLN.HBy	41.GLN.CB	2.302644314487141	26.999905266197423
42.ALA.HB%	42.ALA.CB	1.2896708519774034	16.33952924315107
43.THR.HB	43.THR.CB	3.691900574742956	16.184321952781183
43.THR.HG2%	43.THR.CG2	0.9032600964697419	19.744748999447168
44.ASN.HA	44.ASN.CA	4.945343252737307	50.07310446571284
44.ASN.HB%	44.ASN.CB	2.6277776940617628	39.83963742794373
45.ARG.HA	45.ARG.CA	4.427274646159429	53.36280562321931
45.ARG.HD%	45.ARG.CD	3.0495583819617966	40.03509445854837
46.ASN.HBx	46.ASN.CB	2.7167774260291715	38.84738041238583
46.ASN.HBy	46.ASN.CB	2.827945617189574	37.91846507494991
47.THR.HA	47.THR.CA	4.023275465531391	61.80594075129841
47.THR.HB	47.THR.CB	4.34127652780769	12.04047595333327
47.THR.HG2%	47.THR.CG2	1.2903985611353868	19.23019686829425
48.ASP.HA	48.ASP.CA	4.490697981625555	52.06794077500349
48.ASP.HBy	48.ASP.CB	3.0038023022949627	37.88707311125776
49.GLY.HAy	49.GLY.CA	4.278315365009208	42.78252436834911
5.ARG.HA	5.ARG.CA	3.3374407341216568	57.825921361756116
5.ARG.HDx	5.ARG.CD	3.4563568058018888	41.05781702527773
51.THR.HB	51.THR.CB	3.7372646662829503	15.264940917980091
51.THR.HG2%	51.THR.CG2	0.27237170715750203	17.594974368817596
52.ASP.HA	52.ASP.CA	5.170233620632254	49.90234689344696
52.ASP.HBx	52.ASP.CB	1.864568866815464	38.899263264609935
53.TYR.HB3	53.TYR.CB	2.8349283816844597	40.27548865167848
53.TYR.HE%	53.TYR.CE%	6.687228731729884	62.11673275469941
54.GLY.HA2	54.GLY.CA	4.206060589310505	44.09692612601975
55.ILE.HA	55.ILE.CA	4.262361358649615	58.78643799248851
55.ILE.HB	55.ILE.CB	1.586386182456586	37.41212571326895
55.ILE.HD1%	55.ILE.CD1	0.6767916217083467	13.091203800128653
55.ILE.HG1x	55.ILE.CG1	0.9963601735726861	25.939311940465956
55.ILE.HG1y	55.ILE.CG1	1.4869586703424247	25.935191281540483
55.ILE.HG2%	55.ILE.CG2	0.7433043910634343	14.28913590022529
56.LEU.HA	56.LEU.CA	4.372632516714122	50.52696296970715
56.LEU.HBx	56.LEU.CB	1.4344403251018836	39.90195682738347
56.LEU.HBy	56.LEU.CB	1.6647721153783461	40.19983509490548
56.LEU.HDx%	56.LEU.CDx	0.24679012894650398	18.586712579265942
56.LEU.HDy%	56.LEU.CDy	0.4691301399573984	22.331044532320767
56.LEU.HG	56.LEU.CG	1.1588324576861737	24.71606769957951
57.GLN.HA	57.GLN.CA	3.3358553698750324	52.59017969566167
58.ILE.HD1%	58.ILE.CD1	0.9284665308436946	11.17612775962116
59.ASN.HA	59.ASN.CA	5.61675320933431	53.7881587973664
6.CYS.HBx	6.CYS.CB	2.785722358515022	31.088807141035687
60.SER.HA	60.SER.CA	5.11459324302348	57.68383874806553
60.SER.HB%	60.SER.CB	4.398631364419527	62.62702969206149
61.ARG.HBx	61.ARG.CB	1.3211846515704782	26.626582016258617
61.ARG.HD%	61.ARG.CD	2.7211908091495793	40.51002984809205
62.TRP.HD1	62.TRP.CD1	7.004996542404613	14.998757443471995
62.TRP.HH2	62.TRP.CH2	7.161242457245644	14.11436103732683
63.TRP.HA	63.TRP.CA	4.951357455636197	57.155995483547336
63.TRP.HB3	63.TRP.CB	3.399102452546451	31.064655766258646
63.TRP.HZ2	63.TRP.CZ2	7.195524379926723	57.95919836137435
64.CYS.HA	64.CYS.CA	5.800859504829	50.39465349328234
65.ASN.HA	65.ASN.CA	5.386663062938553	49.24069991927064
65.ASN.HBx	65.ASN.CB	2.4341922296872696	37.96397260085669
66.ASP.HA	66.ASP.CA	4.890278283832968	48.86044981048637
67.GLY.HAx	67.GLY.CA	3.7809496001506187	43.14692048479284
67.GLY.HAy	67.GLY.CA	4.057014592920186	44.122517910014
68.ARG.HBy	68.ARG.CB	1.7997128856769304	28.938485182092514
68.ARG.HGy	68.ARG.CG	1.4365640047764838	23.946241678207514
69.THR.HB	69.THR.CB	4.1523874545147414	13.49613383150028
69.THR.HG2%	69.THR.CG2	0.8418143075045315	16.842616002922405
7.GLU.HGx	7.GLU.CG	2.2538125391818866	32.42749702374323
7.GLU.HGy	7.GLU.CG	2.428652444418459	32.427330441182576
70.PRO.HDx	70.PRO.CD	3.5961259738502562	48.754922162520735
70.PRO.HGx	70.PRO.CG	1.7897769796981748	24.8514988178897
72.SER.HA	72.SER.CA	4.418240850456119	55.36665309994603
72.SER.HBy	72.SER.CB	4.125461752750036	61.62565383586036
73.ARG.HBx	73.ARG.CB	1.5319099871851982	26.990003157727443
73.ARG.HBy	73.ARG.CB	1.421880338605467	26.9378673225576
74.ASN.HA	74.ASN.CA	3.728637716923094	49.74754320767316
74.ASN.HBx	74.ASN.CB	1.968587448401319	34.85369949062458
74.ASN.HBy	74.ASN.CB	3.0310427145272154	34.76620472582982
75.LEU.HBx	75.LEU.CB	2.022078850035042	39.36503422169879
75.LEU.HBy	75.LEU.CB	1.4434472864179977	39.38220957097765
75.LEU.HG	75.LEU.CG	1.6136199346239017	20.61308258714621
77.ASN.HA	77.ASN.CA	4.115041842231582	51.01447384467118
77.ASN.HBx	77.ASN.CB	2.4684896079002066	34.493294784977806
77.ASN.HBy	77.ASN.CB	3.1312127193515717	34.489428216695316
78.ILE.HA	78.ILE.CA	4.95224566339941	54.1270705512737
78.ILE.HG2%	78.ILE.CG2	0.7893509003332717	16.584663700765482
79.PRO.HA	79.PRO.CA	5.1395929913912015	58.455049630155386
79.PRO.HBy	79.PRO.CB	2.2540233466632795	29.186959397249765
79.PRO.HDy	79.PRO.CD	3.809172506356859	48.50679110693492
8.LEU.HDx%	8.LEU.CDx	-0.09976584227980467	19.83514180233348
8.LEU.HDy%	8.LEU.CDy	0.5189656139276924	25.94516254556344
81.SER.HA	81.SER.CA	3.6972591047019137	57.52716295324833
81.SER.HBy	81.SER.CB	3.842165288352154	59.07001697110287
82.ALA.HB%	82.ALA.CB	1.3176801881192617	15.080654208490941
83.LEU.HDx%	83.LEU.CDx	0.689314559726947	19.977367006869393
83.LEU.HDy%	83.LEU.CDy	0.9692190500663518	24.48477054559686
83.LEU.HG	83.LEU.CG	1.5479972993736784	24.466804275310295
84.LEU.HBx	84.LEU.CB	1.624784966039611	41.06346794277191
84.LEU.HG	84.LEU.CG	1.6554067350519315	23.829172303275215
85.SER.HBx	85.SER.CB	3.741399342111956	61.364341107537
86.SER.HA	86.SER.CA	4.126658010915859	58.22890285297444
86.SER.HBy	86.SER.CB	3.834096216494414	60.408675662063
87.ASP.HBy	87.ASP.CB	2.863621061394783	38.53395838327663
88.ILE.HB	88.ILE.CB	1.8049683339581915	36.03567246784216
88.ILE.HD1%	88.ILE.CD1	0.15898199608604102	12.566826973438204
88.ILE.HG1x	88.ILE.CG1	0.3195095113724573	21.652975166067705
88.ILE.HG1y	88.ILE.CG1	1.1269475013352857	21.581976555916214
89.THR.HA	89.THR.CA	3.0199718050605906	12.122225545668286
89.THR.HB	89.THR.CB	4.0223214336286315	11.58727061308931
89.THR.HG2%	89.THR.CG2	1.0165488761983728	18.428206415451506
91.SER.HBx	91.SER.CB	3.4496333657188387	60.56075655248435
91.SER.HBy	91.SER.CB	3.882717572573183	60.40789455928088
92.VAL.HB	92.VAL.CB	1.8040120023917563	27.302795045566533
92.VAL.HG1%	92.VAL.CG1	0.445366595212235	19.995427431421767
94.CYS.HA	94.CYS.CA	4.9736074184938115	53.14031045811802
94.CYS.HB2	94.CYS.CB	2.598512846082185	32.08778787886932
94.CYS.HB3	94.CYS.CB	3.3463056389406045	31.939504476702282
95.ALA.HA	95.ALA.CA	3.989756015755317	52.34254028142797
96.LYS.HB2	96.LYS.CB	1.6025205481531675	30.002175075471726
96.LYS.HD3	96.LYS.CD	1.2324172005673741	27.71778854416928
96.LYS.HG3	96.LYS.CG	1.070051955345054	23.35248209472138
97.LYS.HB2	97.LYS.CB	1.9816595580523995	29.131418425224695
97.LYS.HB3	97.LYS.CB	2.1325159273405863	29.008288360342462
98.ILE.HA	98.ILE.CA	2.767336741541264	62.65757232889121
98.ILE.HD1%	98.ILE.CD1	-0.04640102667850954	11.86705051742831
98.ILE.HG2%	98.ILE.CG2	-0.31847834289985677	13.154401200684497
99.VAL.HGy%	99.VAL.CGy	1.1548954633361408	19.000355983739347
